ID,Perioden,BevolkingOp1Januari_1,Levendgeborenen_2,Overledenen_3,PersonenMetZeerGoedeGezondheid_4,PersonenMetVolledigKunstgebit_5,Bof_6,Buiktyfus_7,Difterie_8,HepatitisA_9,Kinkhoest_10,Legionellose_11,Malaria_12,Mazelen_13,Meningokokkenziekte_14,ParatyfusB_15,Polio_16,QKoorts_17,Rubella_18,Shigellose_19,Tuberculose_20,Aids_21,HivGeinfecteerd_22,Voorgeschreven_23,NietVoorgeschreven_24,Ziekteverzuimpercentage_25,TotaalRoken_26,ZwaarRoken_27,TotaalAlcoholgebruik_28,ZwaarAlcoholgebruik_29,TotaalOvergewicht_30,MatigOvergewicht_31,ErnstigOvergewicht_32,GebruikAnticonceptiepil_33,Huisarts_34,Specialist_35,Tandarts_36,FysiotherapeutOfOefentherapeut_37,AlternatieveGenezer_38,TotaalAlleDiagnosen_39,InfectieuzeEnParasitaireZiekten_40,TotaalNieuwvormingen_41,TotaalKwaadaardigeNieuwvormingen_42,KwNvVanDikkeDarmRectumEnAnus_43,KwNvVanTracheaBronchusEnLong_44,KwaadaardigeNieuwvormingVanBorst_45,KwaadaardigeNieuwvormingVanUrineblaas_46,TotaalZktnBloedBloedbereidendeOrg_47,Anemie_48,TotaalEndocrieneVoedingsEnStofw_49,DiabetesMellitus_50,PsychischeStoornissen_51,ZiektenVanZenuwstelselEnZintuigen_52,ZiektenVanOogEnAdnexen_53,ZiektenVanOorEnProcessusMastoideus_54,TotaalZiektenVanHartEnVaatstelsel_55,AnginaPectoris_56,AcuutMyocardInfarct_57,GeleidingsEnHartritmestoornissen_58,Hartfalen_59,CerebrovasculaireZiekten_60,TotaalZiektenVanAdemhalingsstelsel_61,AcuteInfectiesLuchtwegenInfluenza_62,Pneumonie_63,ChronAandoeningenTonsillenEnAdenoid_64,AndereAandoeningenNeusNeusbijholten_65,ChronLongaandoeningenBronchiectasie_66,TotaalZiektenVSpijsverteringsstelsel_67,ZiektenVanDeAppendix_68,HerniaInguinalis_69,Cholelithiasis_70,ZiektenHuidEnOnderhuidsBindweefsel_71,TotaalZktnSpierenBeenderenBindw_72,Coxartrose_73,Gonartrose_74,AandoeningenVanTussenwervelschijven_75,AandoeningenVanWekeDelen_76,TotaalZiektenVanUrogenitaalStelsel_77,Urolithiasis_78,Prostaathyperplasie_79,AandoeningenVanDeBorst_80,TotaalZwangerschapBevallingKraambed_81,ComplZwangerschapAntenatalePeriode_82,ComplicatiesVanBevalling_83,TotaalAandoeningenPerinatalePeriode_84,KorteZwSchapsduurLaagGebGewicht_85,AangeborenAfwijkingen_86,TotaalSymptBevindingenLabuitslagen_87,PijnInKeelEnBorst_88,PijnInBuikEnBekken_89,TotaalOngevalsletselVergiftigingen_90,IntracraniaalLetsel_91,FemurfractuurInclusiefHeupfractuur_92,FractuurVanOnderbeenInclusiefEnkel_93,VergiftigingDoorGeneesmiddelenEA_94,ComplChirurgMedBehandelingNEG_95,TotaalFactorenGezondhToestandCont_96,LevendgeborenZuigelingen_97,OvZorgInclRadioEnChemotherapie_98,Bedden_99,Ziekenhuisopnamen_100,Verpleegdagen_101,GemiddeldeVerpleegduur_102,Huisartsen_103,MedischSpecialisten_104,SociaalGeneeskundigen_105,Tandartsen_106,Apothekers_107,Verloskundigen_108,UitgavenGezondheidsEnWelzijnszorg_109,UitgavenVolumeindex_110,UitgavenPerHoofdVanDeBevolking_111,UitgavenInVanHetBbp_112,PerinataleSterfte_113,Zuigelingensterfte_114,GemiddLeeftijdMoederBijEersteKind_115,AantalMeerlinggeboorten_116,Mannen_117,Vrouwen_118,Mannen_119,Vrouwen_120,Mannen_121,Vrouwen_122,Mannen_123,Vrouwen_124,TotaalAlleDoodsoorzaken_125,TotaalInfectieuzeParasitaireZiekten_126,Tuberculose_127,TotaalKwaadaardigeNieuwvormingen_128,KwaadaardigeNvSpijsverteringsorganen_129,KwaadaardigeNvVanAdemhalingsorganen_130,KwaadaardigeNieuwvormingenVanBorst_131,TotaalZiektenVanHartEnVaatstelsel_132,ZiektenVanDeKransvaten_133,Hersenvaatletsels_134,Griep_135,ChronAandOndersteLuchtwegen_136,ZiektenVanDeSpijsverteringsorganen_137,TotaalZktnUrinewegenGeslachtsorganen_138,NierontstekingAandAanNierbuisjes_139,ComplicatiesZwangerschapBevallin_140,AangeborenAfwijkingen_141,TotaalUitwendigeDoodsoorzaken_142,Vervoersongevallen_143,AccidenteleVal_144,AccidenteleVerdrinking_145,Zelfdoding_146
0,1900JJ00,5104.0,163.0,92.0,,,,2900.0,,,,,,,,,,,,,,,,,,,,,,,,,,,,,,,,,,,,,,,,,,,,,,,,,,,,,,,,,,,,,,,,,,,,,,,,,,,,,,,,,,,,,,,,,,,,,,,,2151.0,,,169.0,668.0,849.0,,,,,,155.2,,,,,,,,,,,1786.3,,172.0,92.0,,,,,,,,,,66.0,,9.0,,39.0,,,,
1,1901JJ00,5163.0,168.0,90.0,,,,2777.0,,,,,,,,,,,,,,,,,,,,,,,,,,,,,,,,,,,,,,,,,,,,,,,,,,,,,,,,,,,,,,,,,,,,,,,,,,,,,,,,,,,,,,,,,,,,,,,,,,,173.0,679.0,872.0,,,,,,149.3,,,,,,,,,,,1719.9,305.5,194.0,94.0,,,,,,,9.1,,,,49.2,8.0,,38.0,,,,5.8
2,1902JJ00,5233.0,169.0,86.0,,,,2314.0,,,,,,,,,,,,,,,,,,,,,,,,,,,,,,,,,,,,,,,,,,,,,,,,,,,,,,,,,,,,,,,,,,,,,,,,,,,,,,,,,,,,,,,,,,,,,,,,,,,170.0,670.0,840.0,,,,,,129.9,,,,,,,,,,,1625.7,285.3,187.0,95.0,,,,,,,17.4,,,,45.5,8.0,,36.0,,,,6.1
3,1903JJ00,5307.0,170.0,84.0,,,,2880.0,3583.0,,,,,,,,,,,21.0,,,,,,,,,,,,,,,,,,,,,,,,,,,,,,,,,,,,,,,,,,,,,,,,,,,,,,,,,,,,,,,,,,,,,,,,,,,,,,,,,,,,,,,177.0,706.0,851.0,,,,,,135.1,,,,,,,,,,,1557.5,267.3,192.0,100.0,71.0,,4.0,,,,13.9,,202.0,52.0,43.5,8.0,22.0,39.0,,,17.0,6.5
4,1904JJ00,5384.0,171.0,87.0,,,,3059.0,3748.0,,,,,,,,,,,2.0,,,,,,,,,,,,,,,,,,,,,,,,,,,,,,,,,,,,,,,,,,,,,,,,,,,,,,,,,,,,,,,,,,,,,,,,,,,,,,,,,,,,,,,181.0,678.0,870.0,,,,,,136.9,,,,,,,,,,,1592.1,294.7,188.0,99.0,71.0,,4.4,,,,6.7,,210.7,53.0,45.0,8.0,15.0,38.0,,,15.0,6.8
5,1905JJ00,5460.0,171.0,85.0,,,,2746.0,3508.0,,,,,,,,,,,10.0,,,,,,,,,,,,,,,,,,,,,,,,,,,,,,,,,,,,,,,,,,,,,,,,,,,,,,,,,,,,,,,,,,,,,,,,,,,,,,,,,,,,,,,182.0,676.0,873.0,,,,,,130.9,,,,,,,,,,,1531.7,262.1,184.1,102.2,74.6,,4.1,,,,14.1,,195.2,52.9,43.8,7.5,6.9,38.0,,,14.4,7.2
6,1906JJ00,5537.0,171.0,83.0,,,,2737.0,3608.0,,,,,,,,,,,14.0,,,,,,,,,,,,,,,,,,,,,,,,,,,,,,,,,,,,,,,,,,,,,,,,,,,,,,,,,,,,,,,,,,,,,,,,,,,,,,,,,,,,,,,191.0,655.0,853.0,,,,,,127.1,,,,,,,,,,,1478.4,254.9,180.0,102.0,73.0,,4.5,,,,9.2,,195.4,53.0,44.7,8.0,7.0,37.0,,,14.0,6.7
7,1907JJ00,5616.0,172.0,83.0,,,,2621.0,2735.0,,,,,,,,,,,3.0,,,,,,,,,,,,,,,,,,,,,,,,,,,,,,,,,,,,,,,,,,,,,,,,,,,,,,,,,,,,,,,,,,,,,,,,,,,,,,,,,,,,,,,201.0,601.0,882.0,,,,,,111.9,,,,,,,,,,,1459.8,251.1,175.0,103.0,73.0,,5.2,,,,16.2,,141.8,51.0,43.2,7.0,8.0,37.0,,,14.0,6.8
8,1908JJ00,5696.0,172.0,87.0,,,,2339.0,3463.0,,,,,,,,,,,7.0,,,,,,,,,,,,,,,,,,,,,,,,,,,,,,,,,,,,,,,,,,,,,,,,,,,,,,,,,,,,,,,,,,,,,,,,,,,,,,,,,,,,,,,215.0,661.0,890.0,,,,,,124.8,,,,,,,,,,,1502.5,246.5,164.0,104.0,73.0,,4.5,,,,16.3,,171.9,52.0,43.5,7.0,9.0,37.0,,,14.0,7.0
9,1909JJ00,5772.0,171.0,80.0,,,,2011.0,3598.0,,,,,,,,,,,10.0,,,,,,,,,,,,,,,,,,,,,,,,,,,,,,,,,,,,,,,,,,,,,,,,,,,,,,,,,,,,,,,,,,,,,,,,,,,,,,,,,,,,,,,238.0,653.0,912.0,,,,,,99.1,,,,,,,,,,,1374.3,227.5,164.0,105.0,75.0,,5.0,,,,9.5,,128.0,54.0,45.2,6.0,7.0,38.0,,,14.0,7.2
10,1910JJ00,5858.0,169.0,80.0,,,,2029.0,3261.0,,,,,,,,,,,1.0,,,,,,,,,,,,,,,,,,,,,,,,,,,,,,,,,,,,,,,,,,,,,,,,,,,,,,,,,,,,,,,,,,,,,,,,,,,,,,,,,,,,2208.0,,,246.0,654.0,924.0,,,,,,107.9,,,,,,,,,,,1355.3,221.0,156.9,106.3,75.6,,5.0,,,,12.1,,136.0,49.2,40.5,7.1,8.0,37.0,,,14.2,6.2
11,1911JJ00,5951.0,167.0,87.0,,,,2097.0,4456.0,,,,,,,,,,,7.0,,,,,,,,,,,,,,,,,,,,,,,,,,,,,,,,,,,,,,,,,,,,,,,,,,,,,,,,,,,,,,,,,,,,,,,,,,,,,,,,,,,,,,,260.0,654.0,918.0,,,,,,137.2,,,,,,,,,,,1450.2,229.2,157.0,110.0,78.0,,5.0,,,,12.8,,224.5,48.0,40.0,7.0,7.0,39.0,,,15.0,6.2
12,1912JJ00,6033.0,170.0,75.0,,,,1392.0,5051.0,,,,,,,,,,,26.0,,,,,,,,,,,,,,,,,,,,,,,,,,,,,,,,,,,,,,,,,,,,,,,,,,,,,,,,,,,,,,,,,,,,,,,,,,,,,,,,,,,,,,,284.0,666.0,931.0,,,,,,87.0,,,,,,,,,,,1230.1,212.2,144.0,111.0,78.0,,6.1,,,,4.9,,105.0,48.0,39.2,7.0,7.0,38.0,,,14.0,6.0
13,1913JJ00,6133.0,174.0,76.0,,,,1515.0,5443.0,,,,,,,,,,,8.0,,,,,,,,,,,,,,,,,,,,,,,,,,,,,,,,,,,,,,,,,,,,,,,,,,,,,,,,,,,,,,,,,,,,,,,,,,,,,,,,,,,,,,,291.0,706.0,941.0,,,,,,91.4,,,,,,,,,,,1230.9,202.4,142.0,111.0,78.0,,5.5,,,,8.5,,120.0,47.0,38.8,6.0,8.0,37.0,,,13.0,6.7
14,1914JJ00,6235.0,177.0,78.0,,,,1713.0,5728.0,,,,,,,,,,,7.0,,,,,,,,,,,,,,,,,,,,,,,,,,,,,,,,,,,,,,,,,,,,,,,,,,,,,,,,,,,,,,,,,,,,,,,,,,,,,,,,,,,,,,,307.0,654.0,925.0,,,,,,94.8,,,,,,,,,,,1238.6,202.4,140.0,109.0,77.0,,5.6,,,,5.1,,129.6,48.0,39.4,6.0,8.0,37.0,,,14.0,6.0
15,1915JJ00,6340.0,167.0,80.0,,,,1712.0,5476.0,,,,,,20.0,,,,,38.0,,,,,,,,,,,,,,,,,,,,,,,,,,,,,,,,,,,,,,,,,,,,,,,,,,,,,,,,,,,,,,,,,,,,,,,,,,,,,,,,,,,,,,,321.0,655.0,946.0,,,,,,86.8,,,,,,,,,,,1245.0,208.4,144.1,108.6,76.9,,5.7,,,,10.1,,94.2,49.2,40.2,6.6,7.5,36.4,,3.4,13.4,6.1
16,1916JJ00,6433.0,173.0,84.0,,,,1561.0,5745.0,,,,,,226.0,,,,,2.0,,,,,,,,,,,,,,,,,,,,,,,,,,,,,,,,,,,,,,,,,,,,,,,,,,,,,,,,,,,,,,,,,,,,,,,,,,,,,,,,,,,,,,,329.0,658.0,985.0,,,,,,84.5,,,,,,,,,,,1289.4,235.5,167.0,110.0,78.0,,5.8,,,,10.3,,96.2,51.0,42.4,7.0,9.0,38.0,,,14.0,5.7
17,1917JJ00,6527.0,173.0,87.0,,,,2404.0,7431.0,,,,,,582.0,,,,,27.0,,,,,,,,,,,,,,,,,,,,,,,,,,,,,,,,,,,,,,,,,,,,,,,,,,,,,,,,,,,,,,,,,,,,,,,,,,,,,,,,,,,,,,,351.0,657.0,988.0,,,,,,87.1,,,,,,,,,,,1311.6,243.0,182.0,111.0,79.0,,5.6,,,,6.7,,105.5,51.0,42.3,7.0,8.0,39.0,,,14.0,6.2
18,1918JJ00,6618.0,168.0,115.0,,,,4156.0,13327.0,,,,,,236.0,,,,,113.0,,,,,,,,,,,,,,,,,,,,,,,,,,,,,,,,,,,,,,,,,,,,,,,,,,,,,,,,,,,,,,,,,,,,,,,,,,,,,,,,,,,,,,,369.0,621.0,994.0,,,,,45.6,103.9,,,,,,,,,,,1737.3,290.9,203.0,111.0,78.0,,5.7,,,,257.6,,102.9,48.0,40.0,7.0,8.0,39.0,,,12.0,7.2
19,1919JJ00,6675.0,164.0,90.0,,,,4382.0,10900.0,,,,,,122.0,,,,,16.0,,,,,,,,,,,,,,,,,,,,,,,,,,,,,,,,,,,,,,,,,,,,,,,,,,,,,,,,,,,,,,,,,,,,,,,,,,,,,,,,,,,,,,,378.0,542.0,939.0,,,,,42.9,94.0,,,,,,,,,,,1341.2,258.0,174.0,109.0,74.0,,6.4,,,,22.8,,78.5,45.0,36.7,8.0,7.0,39.0,,,12.0,7.5
20,1920JJ00,6754.0,193.0,82.0,,,,2223.0,8060.0,,,,,,133.0,,,,,11.0,,,,,,,,,,,,,,,,,,,,,,,,,,,,,,,,,,,,,,,,,,,,,,,,,,,,,,,,,,,,,,,,,,,,,,,,,,,,,,,,,,,,2450.0,,,381.0,639.0,920.0,,,,,45.1,83.3,,,,,,,,,,,1220.1,195.8,146.9,112.4,78.2,,6.2,,,,35.7,,81.7,44.1,34.6,6.9,8.3,37.4,,3.2,11.7,7.3
21,1921JJ00,6865.0,190.0,77.0,,,,2014.0,7575.0,,,,,,120.0,,,,,20.0,,,,,,,,,,,,,,,,,,,,,,,,,,,,,,,,,,,,,,,,,,,,,,,,,,,,,,,,,,,,,,,,,,,,,,,,,,,,,,,,,,,,,,,418.0,,885.0,,,,,44.2,86.1,,,,,,,,,,,1139.8,180.3,127.0,115.0,81.3,,6.9,,,,6.7,,97.0,42.4,33.8,6.4,8.6,34.6,,2.4,10.0,6.4
22,1922JJ00,6978.0,182.0,80.0,,,,1134.0,4744.0,,,,,,132.0,,,,,14.0,,,,,,,,,,,,,,,,,,,,,,,,,,,,,,,,,,,,,,,,,,,,,,,,,,,,,,,,,,,,,,,,,,,,,,,,,,,,,,,,20.9,,,,,,,452.0,581.0,918.0,,,,,45.3,77.6,,,,,,,,,,,1169.6,160.2,113.7,111.9,78.4,,6.5,,,,52.5,,57.6,43.3,34.8,6.5,6.7,33.6,,2.2,10.1,6.2
23,1923JJ00,7081.0,186.0,71.0,,,,1390.0,4134.0,,,,,,111.0,,,,,7.0,,,,,,,,,,,,,,,,,,,,,,,,,,,,,,,,,,,,,,,,,,,,,,,,,,,,,,,,,,,,,,,,,,,,,,,,,,,,,,,,21.3,,,,,,,488.0,620.0,895.0,,,,,45.0,66.8,,,,,,,,,,,1018.3,150.1,104.8,113.5,79.4,,7.3,,,,11.0,,60.1,40.7,32.5,6.1,7.3,35.9,,2.8,10.7,6.0
24,1924JJ00,7196.0,182.0,71.0,,,,1187.0,4451.0,,,,,,106.0,,39.0,,,40.0,9038.0,,,,,,,,,,,,,,,,,,,,,,,,,,,,,,,,,,,,,,,,,,,,,,,,,,,,,,,,,,,,,,,,,,,,,,,,,,,,,,,22.4,,,,,,,536.0,612.0,942.0,,,,,43.0,60.6,,,,,,,,,,,981.3,144.1,106.5,112.1,77.7,,7.5,,,,7.3,,53.2,41.7,32.7,6.0,7.4,32.7,,4.0,9.6,6.2
25,1925JJ00,7308.0,179.0,72.0,,,,1160.0,4714.0,,,,,,115.0,,32.0,,,180.0,7433.0,,,,,,,,,,,,,,,,,,,,,,,,,,,,,,,,,,,,,,,,,,,,,,,,,,,,,,,,,,,,,,,,,,,,,,,,,,,,,,,22.9,,,,,,,589.0,626.0,941.0,,,,,41.1,58.4,,,,,,,,,,,979.6,139.2,98.7,113.3,78.7,2.5,7.9,,,,8.7,,57.0,43.0,32.8,6.4,9.4,34.1,,4.0,9.6,6.2
26,1926JJ00,7416.0,177.0,73.0,,,,1220.0,3629.0,,,,,,93.0,,49.0,,,97.0,7584.0,,,,,,,,,,,,,,,,,,,,,,,,,,,,,,,,,,,,,,,,,,,,,,,,,,,,,,,,,,,,,,,,,,,,,,,,,,,,,,,24.5,183.0,,,,,,625.0,632.0,965.0,,,,,41.2,61.1,,,,,,,,,,,982.2,144.0,96.2,115.7,79.4,2.8,8.8,,,,18.8,,57.2,41.0,29.7,6.8,10.0,36.4,,5.1,10.2,6.6
27,1927JJ00,7522.0,175.0,78.0,,,,776.0,3620.0,,,,,,108.0,,50.0,,,63.0,8139.0,,,,,,,,,,,,,,,,,,,,,,,,,,,,,,,,,,,,,,,,,,,,,,,,,,,,,,,,,,,,,,,,,,,,,,,,,,,,,,,25.3,192.0,6429.0,33.6,,,,658.0,638.0,969.0,,,,,42.9,58.7,,,,,,,,,,,1025.1,141.8,94.3,121.1,82.6,3.3,9.1,,,,42.6,,51.3,48.2,35.4,6.7,10.4,34.7,,4.7,8.2,7.3
28,1928JJ00,7621.0,179.0,74.0,,,,885.0,4417.0,,,,,,119.0,,75.0,,,65.0,8389.0,,,,,,,,,,,,,,,,,,,,,,,,,,,,,,,,,,,,,,,,,,,,,,,,,,,,,,,,,,,,,,,,,,,,,,,,,,,,,,,26.0,208.0,6797.0,32.7,,,,714.0,648.0,1000.0,,,,,41.1,52.3,,,,,,,,,,,961.8,125.7,83.8,119.5,81.3,3.7,9.3,,,,18.8,,49.8,48.5,36.0,7.8,11.2,36.8,,5.5,8.2,6.9
29,1929JJ00,7728.0,177.0,83.0,,,,700.0,4888.0,,,,,,152.0,,511.0,,,61.0,8226.0,,,,,,,,,,,,,,,,,,,,,,,,,,,,,,,,,,,,,,,,,,,,,,,,,,,,,,,,,,,,,,,,,,,,,,,,,,,,,,,27.5,226.0,7220.0,31.9,,,,748.0,617.0,914.0,,,,,41.4,59.0,,,,,,,,,,,1070.2,124.5,85.6,120.9,80.0,4.4,9.7,,,,57.1,,52.8,48.3,34.7,7.6,11.0,36.5,,5.7,8.3,6.5
30,1930JJ00,7825.0,182.0,72.0,,,,639.0,7450.0,,,,,,140.0,216.0,599.0,,,72.0,8872.0,,,,,,,,,,,,,,,,,,,,,,,,,,,,,,,,,,,,,,,,,,,,,,,,,,,,,,,,,,,,,,,,,,,,,,,,,,,,,,,28.4,245.0,7416.0,30.3,2628.0,,,795.0,642.0,933.0,,,,,41.4,50.9,,,,,,,,,,,909.7,113.1,74.7,121.9,80.3,3.2,9.9,,,,8.5,,47.0,45.2,32.0,7.7,11.9,37.5,,5.0,7.9,8.1
31,1931JJ00,7936.0,177.0,77.0,,,,460.0,5693.0,,,,,,178.0,156.0,136.0,,,162.0,10243.0,,,,,,,,,,,,,,,,,,,,,,,,,,,,,,,,,,,,,,,,,,,,,,,,,,,,,,,,,,,,,,,,,,,,,,,,,,,,,,,29.8,250.0,7361.0,29.4,,,,846.0,676.0,955.0,,,,,41.6,49.6,,,,,,,,,,,963.3,103.9,72.7,123.8,81.9,5.1,10.2,,,,39.9,,44.4,47.6,32.8,7.1,12.1,38.5,,,7.6,8.4
32,1932JJ00,8062.0,179.0,73.0,,,,490.0,5353.0,,,,,,164.0,189.0,242.0,,,753.0,9485.0,,,,,,,,,,,,,,,,,,,,,,,,,,,,,,,,,,,,,,,,,,,,,,,,,,,,,,,,,,,,,,,,,,,,,,,,,,,,,,,30.0,253.0,7444.0,29.4,,,,895.0,691.0,972.0,,,,,41.1,46.3,,,,,,,,,,,899.5,94.5,64.4,122.4,80.7,4.9,10.0,,,,17.4,,46.7,45.4,31.7,6.6,13.3,38.6,,,7.9,9.0
33,1933JJ00,8183.0,171.0,72.0,,,,471.0,4251.0,,,,,,136.0,204.0,146.0,,,415.0,10192.0,,,,,,,,,,,,,,,,,,,,,,,,,,,,,,,,,,,,,,,,,,,,,,,,,,,,,,,,,,,,,,,,,,,,,,,,,,,,,,,30.0,257.0,7505.0,29.3,,,,976.0,721.0,999.0,,,,,41.5,43.9,,,,,,,,,,,875.3,85.1,59.8,124.5,80.5,5.7,10.6,,,,21.2,,43.7,44.6,29.8,6.6,13.1,37.0,,,6.9,8.1
34,1934JJ00,8290.0,172.0,70.0,,,,398.0,2990.0,,,,,,113.0,94.0,197.0,,,328.0,9261.0,,,,,,,,,,,,,,,,,,,,,,,,,,,,,,,,,,,,,,,,,,,,,,,,,,,,,,,,,,,,,,,,,,,,,,,,,,,,,,,30.1,265.0,7484.0,28.2,,,,1066.0,778.0,1043.0,,,,,41.7,42.6,,,,,,,,,,,841.2,81.0,54.5,124.5,80.4,5.6,10.2,,,,10.7,,42.4,44.4,29.1,6.6,12.6,36.6,,,6.8,8.5
35,1935JJ00,8392.0,170.0,74.0,,,,359.0,1762.0,,,,,,89.0,84.0,52.0,,,382.0,8806.0,,,,,,,,,,,,,,,,,,,,,,,,,,,,,,,,,,,,,,,,,,,,,,,,,,,,,,,,,,,,,,,,,,,,,,,,,,,,,,,30.6,274.0,7550.0,27.6,,,,1133.0,791.0,1049.0,,,,,41.6,40.0,,,,,,,,,,,873.4,75.3,52.4,126.2,81.8,6.0,10.3,,,,18.9,,40.9,45.8,29.2,6.0,12.3,35.2,,,5.7,8.0
36,1936JJ00,8475.0,172.0,74.0,,,,290.0,1544.0,,,,,,89.0,120.0,101.0,,,386.0,8568.0,,,,,,,,,,,,,,,,,,,,,,,,,,,,,,,,,,,,,,,,,,,,,,,,,,,,,,,,,,,,,,,,,,,,,,,,,,,,,,,30.6,293.0,7750.0,26.5,,,,1133.0,800.0,1051.0,,,,,40.8,38.9,,,,,,,,,,,868.2,73.6,50.0,130.8,82.9,7.2,11.7,233.9,,70.8,18.4,,41.6,46.7,29.5,6.1,12.4,36.3,,4.5,5.5,8.1
37,1937JJ00,8557.0,170.0,76.0,,,,237.0,1068.0,,,,,,100.0,118.0,60.0,,,408.0,8797.0,,,,,,,,,,,,,,,,,,,,,,,,,,,,,,,,,,,,,,,,,,,,,,,,,,,,,,,,,,,,,,,,,,,,,,,,,,,,,,,31.3,312.0,8126.0,26.1,,,,1198.0,799.0,1069.0,,,,,40.6,38.1,,,,,,,,,,,878.3,66.9,47.9,131.1,83.1,7.6,11.8,234.4,,70.7,36.7,,40.1,48.4,29.8,5.1,12.5,35.7,,3.4,6.3,8.0
38,1938JJ00,8640.0,178.0,74.0,,,,204.0,1272.0,,,,,,132.0,68.0,687.0,,,1000.0,8393.0,,,,,,,,,,,,,,,,,,,,,,,,,,,,,,,,,,,,,,,,,,,,,,,,,,,,,,,,,,,,,,,,,,,,,,,,,,,,,,,31.8,331.0,8488.0,25.6,,,,1286.0,812.0,1082.0,,,,,40.1,36.5,,,,,,,,,,,852.6,68.2,45.4,135.9,84.2,7.9,12.7,236.8,,66.7,12.7,,39.6,49.6,31.0,5.5,13.9,37.4,,4.2,5.5,8.5
39,1939JJ00,8729.0,181.0,76.0,,,,172.0,1273.0,,,,,,150.0,160.0,403.0,,,703.0,8540.0,,,,,,,,,,,,,,,,,,,,,,,,,,,,,,,,,,,,,,,,,,,,,,,,,,,,,,,,,,,,,,,,,,,,,,,,,,,,,,,32.3,344.0,8630.0,25.1,,,,1334.0,856.0,1103.0,,,,,39.9,33.7,,,,,,,,,,,863.7,57.2,41.0,133.6,82.6,8.4,12.0,254.5,,73.7,21.8,,39.2,50.0,31.1,5.1,13.4,37.3,,4.7,5.9,7.8
40,1940JJ00,8834.0,185.0,88.0,,,,108.0,1733.0,,,,,,277.0,101.0,111.0,,,1185.0,7620.0,,,,,,,,,,,,,,,,,,,,,,,,,,,,,,,,,,,,,,,,,,,,,,,,,,,,,,,,,,,,,,,,,,,,,,,,,,,,,,,31.9,344.0,8514.0,24.7,3164.0,,,1531.0,861.0,1139.0,,,,,40.7,39.1,,,,,,,,,,,988.0,64.0,43.7,138.2,85.6,8.8,11.9,279.8,,79.9,17.8,,41.3,49.9,31.4,4.9,14.3,98.5,,5.9,10.0,10.8
41,1941JJ00,8923.0,182.0,90.0,,,,161.0,5437.0,,,,678.0,,433.0,87.0,445.0,,,3415.0,11838.0,,,,,,,,,,,,,,,,,,,,,,,,,,,,,,,,,,,,,,,,,,,,,,,,,,,,,,,,,,,,,,,,,,,,,,,,,,,,,,,33.7,381.0,9841.0,25.9,,,,1593.0,884.0,1171.0,,,,,37.5,43.6,,,,,,,,,,,1000.7,83.5,59.2,143.1,85.8,10.1,12.7,264.6,,77.9,47.9,,47.4,53.4,18.8,3.9,15.0,51.1,8.0,6.6,8.2,6.5
42,1942JJ00,9008.0,190.0,86.0,,,,523.0,19407.0,,,,743.0,,178.0,252.0,196.0,,,4132.0,15545.0,,,,,,,,,,,,,,,,,,,,,,,,,,,,,,,,,,,,,,,,,,,,,,,,,,,,,,,,,,,,,,,,,,,,,,,,,,,,,,,35.8,445.0,10777.0,24.2,,,,1644.0,822.0,1186.0,,,,,33.6,39.5,,,,,,,,,,,951.6,90.2,61.4,144.4,85.0,11.2,12.3,251.5,,74.4,10.2,,55.5,46.1,14.9,4.1,14.9,59.0,7.0,7.2,6.1,9.0
43,1943JJ00,9076.0,209.0,91.0,,,,527.0,56790.0,,,,853.0,,158.0,180.0,1931.0,,,5346.0,18571.0,,,,,,,,,,,,,,,,,,,,,,,,,,,,,,,,,,,,,,,,,,,,,,,,,,,,,,,,,,,,,,,,,,,,,,,,,,,,,,,,,,,,,,,,,,,,,32.4,40.1,,,,,,,,,,,1004.5,126.5,70.0,143.4,85.6,11.2,12.4,231.1,,66.9,6.4,,52.6,42.8,12.9,4.5,13.9,74.2,8.9,7.9,6.9,8.1
44,1944JJ00,9129.0,220.0,108.0,,,,472.0,60400.0,,,,2550.0,,221.0,207.0,1218.0,,,3952.0,18918.0,,,,,,,,,,,,,,,,,,,,,,,,,,,,,,,,,,,,,,,,,,,,,,,,,,,,,,,,,,,,,,,,,,,,,,,,,,,,,,,34.4,415.0,10395.0,25.1,,,,,,,,,,,33.6,46.3,,,,,,,,,,,1178.1,140.0,74.8,140.5,83.9,10.5,12.4,259.4,,76.3,15.7,,61.4,40.3,13.7,5.5,14.6,174.7,8.7,6.9,8.8,6.5
45,1945JJ00,9220.0,210.0,141.0,,,,4827.0,50005.0,,,,2913.0,,215.0,1154.0,200.0,,,2605.0,19104.0,,,,,,,,,,,,,,,,,,,,,,,,,,,,,,,,,,,,,,,,,,,,,,,,,,,,,,,,,,,,,,,,,,,,,,,,,,,,,,,36.9,398.0,10533.0,26.5,,,,,,,,,,,35.0,79.7,,,,,,,,,,,1526.6,179.4,85.9,132.5,78.6,9.2,12.1,292.5,,83.4,5.6,,117.0,44.5,14.4,4.4,18.0,274.4,15.6,7.7,8.9,9.4
46,1946JJ00,9304.0,284.0,80.0,,,,722.0,27003.0,,,,8456.0,,886.0,860.0,357.0,,,265.0,18506.0,,,,,,,,,,,,,,,,,,,,,,,,,,,,,,,,,,,,,,,,,,,,,,,,,,,,,,,,,,,,,,,,,,,,,,,,,,,,,,,38.1,519.0,11826.0,22.8,,,,,726.0,,,,,,34.8,38.7,,,,,,,,,,,850.5,92.6,46.9,128.4,73.4,10.4,12.4,238.1,,68.5,9.4,,41.4,35.5,10.9,4.5,19.1,48.2,14.1,5.0,6.6,7.8
47,1947JJ00,9543.0,267.0,78.0,,,,528.0,10390.0,,,,1931.0,,956.0,600.0,693.0,,,264.0,16491.0,,,,,,,,,,,,,,,,,,,,,,,,,,,,,,,,,,,,,,,,,,,,,,,,,,,,,,,,,,,,,,,,,,,,,,,,,,,,,,,40.3,586.0,12519.0,21.4,,,,1553.0,751.0,912.0,,,,,34.2,33.5,,,,,,,,,,,806.4,58.0,37.4,132.3,74.3,11.6,12.2,257.6,,75.7,5.7,,40.0,35.2,10.0,3.9,16.5,46.0,10.9,6.1,6.6,6.6
48,1948JJ00,9716.0,248.0,72.0,,,,226.0,4313.0,,,,1873.0,,337.0,602.0,81.0,,,285.0,17947.0,,,,,,,,,,,,,,,,,,,,,,,,,,,,,,,,,,,,,,,,,,,,,,,,,,,,,,,,,,,,,,,,,,,,,,,,,,,,,,,40.4,579.0,12945.0,22.4,,,,1400.0,795.0,,,,,,32.5,29.3,,,,,,,,,,,739.4,44.0,28.3,136.5,75.2,13.5,12.3,252.9,,76.2,3.5,,34.9,33.5,9.4,3.1,14.8,40.4,11.2,5.5,5.6,6.6
49,1949JJ00,9884.0,236.0,81.0,,,,203.0,3364.0,,,,265.0,,296.0,529.0,160.0,,,807.0,17508.0,,,,,,,,,,,,,,,,,,,,,,,,,,,,,,,,,,,,,,,,,,,,,,,,,,,,,,,,,,,,,,,,,,,,,,,,,,,,,,,40.8,605.0,13328.0,22.0,,,,,,,,,,,33.0,26.8,,,,,,,,,,,814.4,38.3,24.5,140.6,75.0,14.4,12.9,288.9,,85.3,25.4,,34.6,36.0,9.6,2.6,13.8,44.1,10.7,5.5,4.8,6.2
50,1950JJ00,10027.0,230.0,76.0,,,,163.0,2985.0,,,,449.0,,282.0,525.0,77.0,,,434.0,16108.0,,,,,,,,,,,,,,,,,,,,,,,,,,,,,,,,,,,,,,,,,,,,,,,,,,,,,,,,,,,,,,,,,,,,,,,,,,,,,,,41.9,551.0,12139.0,22.0,3482.0,,,,,,,,,,34.2,26.7,26.4,12.6,70.4,72.7,,,,,,,750.8,33.4,19.0,146.9,76.5,14.9,12.8,281.0,133.4,85.1,6.2,16.4,28.9,27.6,14.5,2.4,13.8,35.9,11.8,6.4,5.1,5.5
51,1951JJ00,10200.0,228.0,78.0,,,,137.0,2765.0,2635.0,,,186.0,,321.0,290.0,568.0,,5742.0,614.0,14880.0,,,,,,,,,,,,,,,,,,,,,,,,,,,,,,,,,,,,,,,,,,,,,,,,,,,,,,,,,,,,,,,,,,,,,,,,,,,,,,,45.1,660.0,14105.0,21.4,,,,1591.0,750.0,,,,,,33.4,26.7,26.2,12.6,70.4,72.8,,,,,,,755.6,30.6,16.1,149.3,74.0,17.4,13.5,284.0,133.4,86.3,15.7,15.9,27.2,23.4,11.7,1.9,14.8,36.6,12.5,6.8,4.3,6.0
52,1952JJ00,10328.0,232.0,76.0,,,,123.0,2805.0,4726.0,,,74.0,,333.0,268.0,1713.0,,6804.0,724.0,13825.0,,,,,3.9,,,,,,,,,,,,,,,,,,,,,,,,,,,,,,,,,,,,,,,,,,,,,,,,,,,,,,,,,,,,,,,,,,,,,,,,,,46.8,690.0,14117.0,20.5,,,,1668.0,750.0,1000.0,,,,,32.4,24.1,26.2,12.6,71.1,73.4,,,,,,,735.4,23.6,12.3,151.0,73.5,17.1,13.7,288.9,137.1,88.6,12.1,15.2,26.5,22.8,11.5,1.7,14.2,36.4,12.7,7.1,4.4,6.3
53,1953JJ00,10436.0,228.0,81.0,,,,161.0,2714.0,5522.0,,,68.0,,313.0,309.0,167.0,,549.0,1325.0,12411.0,,,,,4.1,,,,,,,,,,,,,,,,,,,,,,,,,,,,,,,,,,,,,,,,,,,,,,,,,,,,,,,,,,,,,,,,,,,,,,,,,,48.2,741.0,14946.0,20.0,,,,1860.0,,,,,,,31.5,23.7,26.2,12.8,70.5,73.1,,,,,,,771.0,19.6,9.2,151.6,72.8,18.3,13.3,304.2,144.6,94.4,15.2,15.6,27.3,21.5,10.2,1.7,13.8,56.4,15.0,7.0,4.5,6.5
54,1954JJ00,10551.0,228.0,80.0,,,,79.0,1512.0,6033.0,,,59.0,,331.0,622.0,75.0,,563.0,1458.0,10241.0,,,,,4.1,,,,,,,,,,,,,,,,,,,,,,,,,,,,,,,,,,,,,,,,,,,,,,,,,,,,,,,,,,,,,,,,,,,,,,,,,,49.8,758.0,15212.0,20.1,,,,1879.0,834.0,1241.0,,,,,31.2,22.6,26.2,12.9,71.1,73.9,,,,,,,750.1,16.2,7.5,156.3,74.4,20.3,13.3,314.1,150.6,97.5,4.2,15.2,27.2,21.8,10.0,1.5,14.4,40.4,16.3,8.0,3.9,6.2
55,1955JJ00,10680.0,229.0,82.0,,,,100.0,745.0,3716.0,,,85.0,,349.0,313.0,481.0,,10069.0,2198.0,8670.0,,,,,4.7,,,,,,,,,,,,,,,,,,,,,,,,,,,,,,,,,,,,,,,,,,,,,,,,,,,,,,,,,,,,,,,,,,,,,,,,,,51.0,784.0,15759.0,20.1,,,,2000.0,798.0,,,,,,30.2,21.6,26.1,13.0,71.1,74.2,,,,,,,760.0,15.2,6.7,154.8,72.0,19.7,13.4,325.5,155.0,101.3,7.9,16.1,26.9,20.5,9.4,1.3,14.4,40.9,16.7,8.5,4.2,6.0
56,1956JJ00,10822.0,231.0,85.0,,,,87.0,576.0,2252.0,,,82.0,,352.0,219.0,2206.0,,6713.0,1555.0,7457.0,,,,,4.7,,,,,,,,,,,,,,,,,,,,,,,,,,,,,,,,,,,,,,,,,,,,,,,,,,,,,,,,,,,,,,,,,,,,,,,,,,51.9,784.0,16274.0,20.7,4527.0,2891.0,,2302.0,843.0,910.0,,,,,29.0,20.2,26.1,13.0,71.1,74.2,,,,,,,778.8,13.8,5.5,158.2,72.9,22.2,13.9,343.3,165.9,105.1,9.1,17.5,26.7,21.2,9.3,1.4,13.5,41.0,17.3,8.7,3.5,6.0
57,1957JJ00,10957.0,234.0,83.0,,,,87.0,446.0,2201.0,,,62.0,,214.0,317.0,203.0,,474.0,1607.0,7490.0,,,,,5.4,,,,,,,,,,,,,,,,,,,,,,,,,,,,,,,,,,,,,,,,,,,,,,,,,,,,,,,,,,,,,,,,,,,,,,,,,,53.4,821.0,16683.0,20.3,4215.0,3371.0,,2403.0,847.0,880.0,,,,,28.1,18.4,26.0,12.6,71.5,74.7,,,,,,,752.4,11.8,4.7,158.4,70.8,23.0,13.5,324.7,155.4,101.6,13.8,18.2,27.9,20.1,7.6,1.3,13.4,43.7,18.5,9.4,4.2,6.4
58,1958JJ00,11096.0,237.0,84.0,,,,77.0,217.0,2669.0,,,60.0,,156.0,277.0,39.0,,435.0,1398.0,7198.0,,,,,4.6,,,,,,,,,,,,,,,,,,,,,,,,,,,,,,,,,,,,,,,,,,,,,,,,,,,,,,,,,,,,,,,,,,,,,,,,,,54.7,859.0,17495.0,20.4,4320.0,3589.0,,2489.0,862.0,891.0,,,,,28.0,18.5,25.9,12.7,71.6,74.9,,,,,,,755.3,11.4,4.3,162.6,71.0,23.7,14.4,331.2,160.7,99.8,7.7,18.5,27.6,20.2,7.8,0.9,13.8,41.4,16.3,9.6,3.7,6.8
59,1959JJ00,11278.0,243.0,86.0,,,,63.0,387.0,9439.0,,,53.0,,174.0,306.0,11.0,,1238.0,5568.0,6716.0,,,,,5.1,,,,,,,,,,,,,,,,,,,,,,,,,,,,,,,,,,,,,,,,,,,,,,,,,,,,,,,,,,,,,,,,,,,,,,,,,,56.2,912.0,18203.0,20.0,4343.0,3733.0,,2573.0,851.0,899.0,,,,,27.1,18.1,25.8,12.5,71.3,75.2,,,,,,,758.3,11.2,3.6,163.2,69.1,26.0,14.8,333.6,160.4,95.4,10.8,18.6,29.3,20.5,7.6,1.1,13.2,43.2,17.2,9.8,4.2,7.0
60,1960JJ00,11417.0,239.0,88.0,,,,52.0,112.0,16848.0,,,54.0,,118.0,163.0,29.0,,2992.0,1977.0,5845.0,,,,,5.2,,,,,,,,,,,,,,,,,,,,,,,,,,,,,,,,,,,,,,,,,,,,,,,,,,,,,,,,,,,,,,,,,,,,,,,,,,58.0,916.0,18448.0,20.1,4405.0,3906.0,,2492.0,856.0,788.0,,,,,26.6,17.9,25.6,12.4,71.5,75.4,,,,,,,764.6,8.9,2.8,168.3,71.0,26.9,15.0,333.2,166.0,92.8,13.4,19.1,26.6,20.0,7.6,0.8,12.6,43.6,19.0,9.9,3.1,6.6
61,1961JJ00,11556.0,247.0,88.0,,,,41.0,16.0,5986.0,,,37.0,,149.0,64.0,83.0,,2153.0,948.0,5465.0,,,,,,,,,,,,,,,,,,,,,,,,,,,,,,,,,,,,,,,,,,,,,,,,,,,,,,,,,,,,,,,,,,,,,,,,,,,,,,,58.9,939.0,18786.0,20.0,4649.0,4070.0,,2592.0,856.0,784.0,,,,,25.9,17.0,25.4,12.2,71.6,75.9,,,,,,,758.9,8.8,2.7,171.3,69.7,29.5,15.3,339.1,168.8,98.4,2.4,17.7,26.7,20.1,7.1,0.8,12.9,46.3,19.2,11.1,3.7,6.6
62,1962JJ00,11721.0,246.0,94.0,,,,50.0,15.0,1454.0,,,54.0,,162.0,43.0,36.0,,804.0,506.0,4998.0,,,,,5.6,,,,,,,,,,,,,,,,,,,,,,,,,,,,,,,,,,,,,,,,,,,,,,,,,,,,,,,,,,,,,,,,,,,,,,,,,,59.5,962.0,19166.0,19.9,4581.0,4246.0,149.0,2605.0,856.0,790.0,,,,,25.7,17.0,25.2,12.5,71.1,75.7,,,,,,,796.0,8.1,2.5,172.2,69.7,30.6,14.8,361.3,182.8,99.2,7.6,20.0,26.9,20.5,7.2,0.7,13.7,48.7,20.5,12.5,3.1,6.6
63,1963JJ00,11890.0,250.0,96.0,,,,44.0,5.0,752.0,,,34.0,,183.0,48.0,33.0,,2522.0,1095.0,4633.0,,,,,6.0,,,,,,,,,,,,,,,,,,,,,,,,,,,,,,,,,,,,,,,,,,,,,,,,,,,,,,,,,,,,,,,,,,,,,,,,,,60.4,990.0,19618.0,19.8,4587.0,4503.0,422.0,2722.0,845.0,787.0,,,,,24.5,15.8,25.0,12.1,71.0,75.8,,,,,,,800.1,7.4,2.1,178.0,70.8,32.4,15.3,359.6,187.1,97.3,9.3,22.1,27.7,20.5,7.1,0.7,12.2,46.4,18.6,12.5,3.4,6.2
64,1964JJ00,12042.0,251.0,93.0,,,,25.0,1.0,1544.0,,,18.0,,156.0,34.0,15.0,,5587.0,701.0,3992.0,,,,,5.9,,,,,,,,,,,,,,,,,,,,,,,,,,,,,,,,,,,,,,,,,,,,,,,,,,,,,,,,,,,,,,,,,,,,,,,,,,61.5,1031.0,20043.0,19.4,4416.0,4729.0,520.0,2837.0,947.0,752.0,,,,,23.4,14.8,24.9,11.7,71.3,76.3,,,,,,,770.5,6.7,1.9,182.4,73.0,33.9,16.3,343.9,180.0,93.3,1.7,20.2,27.1,19.6,6.5,0.7,12.2,49.2,21.7,12.1,3.4,6.5
65,1965JJ00,12212.0,245.0,98.0,,,,49.0,2.0,2288.0,,,16.0,,170.0,37.0,3.0,,1204.0,348.0,3758.0,,,,,6.3,,,,,,,,,,,,,,,,,,,,,,,,,,,,,,,,,,,,,,,,,,,,,,,,,,,,,,,,,,,,,,,,,,,,,,,,,,65.3,1054.0,21459.0,20.4,4452.0,4950.0,869.0,2955.0,974.0,778.0,,,,,23.1,14.4,24.7,11.4,71.1,76.1,,,,,,,797.3,6.3,1.8,183.0,70.8,34.3,16.8,360.4,185.9,98.7,2.6,21.9,28.0,19.6,6.7,0.5,10.5,51.0,21.8,14.0,3.0,6.9
66,1966JJ00,12377.0,240.0,101.0,,,,29.0,1.0,2939.0,,,32.0,,516.0,18.0,14.0,,582.0,375.0,3719.0,,,,,6.5,,,,,,,,,,,,,,,,,,,,,,,,,,,,,,,,,,,,,,,,,,,,,,,,,,,,,,,,,,,,,,,,,,,,,,,,,,68.2,1088.0,22440.0,20.6,4477.0,5076.0,1081.0,3034.0,999.0,785.0,,,,,22.4,14.7,24.6,11.0,71.0,76.1,,,,,,,807.0,6.4,1.5,186.8,73.2,36.4,16.7,355.3,181.9,98.9,6.4,24.4,28.5,19.5,6.3,0.4,10.6,54.4,23.2,14.6,3.5,7.1
67,1967JJ00,12535.0,239.0,100.0,,,,21.0,0.0,4927.0,,,26.0,,303.0,28.0,2.0,,1218.0,325.0,3129.0,,,,,6.2,,,,,,,,,,,,,,,,,,,,,,,,,,,,,,,,,,,,,,,,,,,,,,,,,,,,,,,,,,,,,,,,,,,,,,,,,,69.8,1135.0,22851.0,20.1,4506.0,5113.0,1167.0,3133.0,1008.0,775.0,,,,,21.1,13.4,24.5,10.9,71.2,76.6,,,,,,,792.1,6.1,1.4,190.7,72.1,38.8,17.9,350.2,183.7,94.6,1.7,22.8,27.8,18.8,5.7,0.5,10.0,55.0,24.5,15.1,3.4,6.2
68,1968JJ00,12661.0,237.0,105.0,,,,22.0,3.0,3056.0,,,24.0,,253.0,19.0,7.0,,4935.0,155.0,3166.0,,,,,7.2,,,,,,,,,,,,,,,,,,,,,,,,,,,,,,,,,,,,,,,,,,,,,,,,,,,,,,,,,,,,,,,,,,,,,,,,,,70.1,1181.0,23320.0,19.7,4472.0,5337.0,1227.0,3243.0,1008.0,781.0,,,,,20.2,13.6,24.4,10.6,70.9,76.4,,,,,,,824.8,6.0,1.5,197.5,73.6,40.6,17.8,364.1,187.8,101.5,6.7,24.6,29.4,19.0,5.2,0.4,10.0,54.7,24.1,16.4,2.6,6.3
69,1969JJ00,12798.0,248.0,108.0,,,,33.0,0.0,2359.0,,,30.0,,211.0,12.0,16.0,,2157.0,273.0,2792.0,,,,,7.8,,,,,,,,,,,,,,,,,,,,,,,,,,,,,,,,,,,,,,,,,,,,,,,,,,,,,,,,,,,,,,,,,,,,,,,,,,72.0,1236.0,23825.0,19.3,4464.0,5460.0,1280.0,3205.0,1019.0,775.0,,,,,19.6,13.2,24.3,10.6,70.9,76.3,,,,,,,835.7,6.7,1.3,195.5,68.0,41.3,17.6,370.6,171.6,94.0,7.9,25.9,26.3,19.3,4.4,0.4,10.9,58.0,25.2,16.8,2.6,7.3
70,1970JJ00,12958.0,239.0,110.0,,,,23.0,2.0,3789.0,,,16.0,,183.0,22.0,2.0,,1683.0,163.0,2570.0,,,,,7.7,,,,,,,,,,,,,,,,,,,,,,,,,,,,,,,,,,,,,,,,,,,,,,,,,,,,,,,,,,,,,,,,,,,,,,,,,,72.4,1264.0,23714.0,18.8,4462.0,5703.0,1319.0,3364.0,1057.0,836.0,,,,,18.6,12.7,24.3,10.0,70.8,76.5,,,,,,,840.7,6.4,1.2,194.6,67.5,42.6,17.5,381.3,181.5,97.2,8.4,23.6,25.3,17.8,3.7,0.2,10.1,58.2,25.6,17.0,2.3,8.0
71,1971JJ00,13119.0,227.0,110.0,,,,24.0,1.0,2469.0,,,26.0,,202.0,9.0,37.0,,3140.0,185.0,2473.0,,,,,7.8,,,,,,,,,,,,,,,,,,,,,,,,,,,,,,,,,,,,,,,,,,,,,,,,,,,,,,,,,,,,,,,,,,,,,,,,,,73.8,1317.0,23979.0,18.2,4489.0,5909.0,1370.0,3468.0,1084.0,883.0,,,,,17.6,12.1,24.3,10.2,71.0,76.8,,,,,,,835.5,6.7,1.6,194.8,65.3,45.0,17.8,374.3,182.1,92.0,2.5,24.4,26.5,18.0,3.4,0.2,9.2,56.5,25.2,15.2,2.3,8.3
72,1972JJ00,13270.0,214.0,114.0,,,,32.0,0.0,1200.0,,,19.0,,248.0,11.0,0.0,,1651.0,171.0,2458.0,,,,,7.8,,,,,,,,,,,,,,,,,,,,,,,,,,,,,,,,,,,,,,,,,,,,,,,,,,,,,,,,,,,,,,,,,,,,,,,,,,75.5,1362.0,24115.0,17.7,4601.0,6110.0,1368.0,3654.0,1114.0,829.0,6450.0,32.3,484.0,8.7,16.6,11.7,24.5,10.5,70.8,76.8,,,,,,,852.1,6.2,1.5,197.5,64.6,45.0,18.4,392.1,190.2,97.9,4.9,22.8,26.9,18.3,3.4,0.2,7.6,55.0,24.6,14.8,2.1,8.2
73,1973JJ00,13388.0,195.0,111.0,,,,31.0,1.0,1123.0,,,30.0,,171.0,10.0,4.0,,2715.0,182.0,2350.0,,,,,8.5,,,,,,,,,,,,,,,,,,,,,,,,,,,,,,,,,,,,,,,,,,,,,,,,,,,,,,,,,,,,,,,,,,,,,,,,,,75.5,1393.0,23762.0,17.1,4660.0,6518.0,1417.0,3889.0,1138.0,879.0,7539.0,33.7,561.0,8.9,16.3,11.5,24.7,10.4,71.3,77.1,,,,,,,823.6,5.6,1.4,202.4,67.0,46.7,18.7,369.8,179.3,93.4,6.4,22.4,25.8,15.8,2.8,0.1,7.2,54.0,23.5,14.1,2.2,8.7
74,1974JJ00,13491.0,186.0,109.0,,,,33.0,0.0,952.0,,,27.0,,161.0,8.0,0.0,,529.0,188.0,2119.0,,,,,9.0,,,,,,,,,,,,,,,,,,,,,,,,,,,,,,,,,,,,,,,,,,,,,,,,,,,,,,,,,,,,,,,,,,,,,,,,,,75.1,1422.0,23549.0,16.6,4794.0,6635.0,1456.0,4110.0,1166.0,862.0,8917.0,34.9,658.0,9.0,15.4,11.3,24.8,9.8,71.6,77.6,,,,,,,806.6,5.4,1.3,203.2,66.4,48.0,18.7,364.9,176.6,91.2,2.6,23.3,26.1,16.1,2.8,0.2,6.5,51.8,19.6,15.7,1.8,9.2
75,1975JJ00,13599.0,178.0,114.0,,,,31.0,0.0,1183.0,,,54.0,,95.0,25.0,0.0,,1325.0,343.0,2230.0,,,,,8.8,,,,,,,,,,,,,,,,,,,,,,,,,,,,,,,,,,,,,,,,,,,,,,,,,,,,,,,,,,,,,,,,,,,,,,,,,,74.6,1443.0,23182.0,16.1,4960.0,7223.0,1524.0,4462.0,1197.0,850.0,10592.0,35.8,775.0,9.9,13.9,10.6,25.0,9.8,71.5,77.7,,,,,,,832.2,5.5,1.5,207.5,66.7,49.7,18.5,372.0,182.5,92.7,5.3,26.9,26.0,17.2,2.2,0.1,6.2,49.3,17.8,15.0,2.0,8.9
76,1976JJ00,13734.0,177.0,114.0,,,1129.0,28.0,0.0,1327.0,4.0,,76.0,2512.0,128.0,10.0,0.0,,4365.0,352.0,2081.0,,,,,9.3,,,,,,,,,,,,,,,,,,,,,,,,,,,,,,,,,,,,,,,,,,,,,,,,,,,,,,,,,,,,,,,,,,,,,,,,,,74.2,1488.0,22969.0,15.4,5080.0,7551.0,,4608.0,1257.0,830.0,12063.0,37.1,876.0,9.9,14.4,10.7,25.1,10.5,71.5,77.9,,,,,,,830.9,4.5,1.0,206.4,65.7,51.7,18.2,376.1,188.6,89.9,8.6,26.9,24.5,15.4,2.1,0.1,6.8,50.1,18.8,14.2,1.8,9.4
77,1977JJ00,13814.0,173.0,110.0,,,1550.0,52.0,2.0,1188.0,25.0,,107.0,1812.0,117.0,21.0,1.0,3.0,768.0,397.0,1974.0,,,,,9.5,,,,,,,,,,,,,,,,,,,,,,,,,,,,,,,,,,,,,,,,,,,,,,,,,,,,,,,,,,,,,,,,,,,,,,,,,,74.3,1503.0,22875.0,15.2,5243.0,7869.0,,4817.0,1309.0,799.0,13362.0,38.1,964.0,10.2,12.9,9.5,25.3,10.6,72.1,78.5,,,,,,,794.5,4.3,0.7,205.5,65.7,51.8,18.1,359.1,185.7,85.1,1.8,27.3,22.9,14.4,2.2,0.2,5.9,48.2,21.0,11.7,1.1,9.2
78,1978JJ00,13898.0,176.0,114.0,,,1105.0,54.0,1.0,1041.0,1.0,,109.0,133.0,186.0,28.0,110.0,1.0,854.0,398.0,1911.0,,,,,10.0,,,,,,,,,,,,,,,,,,,,,,,,,,,,,,,,,,,,,,,,,,,,,,,,,,,,,,,,,,,,,,,,,,,,,,,,,,74.0,1542.0,22853.0,14.8,5368.0,8287.0,,5052.0,1382.0,789.0,14652.0,39.2,1051.0,10.3,12.4,9.6,25.4,10.1,72.0,78.5,,,,,,,820.7,4.1,1.2,213.4,66.4,55.2,18.3,370.5,188.1,88.6,3.8,29.1,25.7,15.0,2.0,0.1,6.1,46.3,17.4,12.4,1.3,9.7
79,1979JJ00,13986.0,175.0,113.0,,,470.0,56.0,1.0,718.0,26.0,,113.0,56.0,181.0,38.0,0.0,2.0,3007.0,536.0,1765.0,,,,,10.0,,,,,,,,,,,,,,,,,,,,,,,,,,,,,,,,,,,,,,,,,,,,,,,,,,,,,,,,,,,,,,,,,,,,,,,,,,73.7,1561.0,22548.0,14.4,5523.0,8939.0,,5346.0,1463.0,802.0,15833.0,40.0,1128.0,10.5,11.9,8.7,25.5,10.6,72.5,78.9,,,,,,,801.8,4.1,1.3,215.2,68.3,54.3,19.4,366.7,178.0,86.2,0.8,25.2,28.6,16.6,2.0,0.1,5.8,45.8,15.0,13.4,1.2,10.4
80,1980JJ00,14091.0,181.0,114.0,,,1117.0,60.0,0.0,987.0,30.0,,101.0,178.0,176.0,15.0,0.0,5.0,706.0,518.0,1664.0,,,,,9.4,,,,,,,,,,,,,,,,,,,,,,,,,,,,,,,,,,,,,,,,,,,,,,,,,,,,,,,,,,,,,,,,,,,,,,,,,,73.1,1588.0,22295.0,14.0,5673.0,9332.0,,5688.0,1529.0,825.0,17310.0,40.9,1223.0,10.6,11.1,8.6,25.6,10.8,72.5,79.2,,,,,,,807.6,4.4,1.1,216.7,67.6,57.1,18.9,362.2,173.4,85.1,0.5,25.5,27.7,17.3,2.3,0.1,5.5,43.1,14.6,11.9,1.0,10.1
81,1981JJ00,14209.0,179.0,116.0,,31.6,753.0,66.0,0.0,923.0,50.0,,128.0,77.0,198.0,21.0,1.0,19.0,505.0,535.0,1707.0,,8.0,,15.6,8.5,,,,,33.4,28.2,5.3,26.9,69.3,35.7,60.9,6.6,3.8,1104.4,10.7,90.4,64.5,5.0,10.1,6.8,3.7,7.3,4.9,25.4,14.6,17.9,20.1,26.1,19.5,115.3,12.6,19.3,10.1,10.3,13.4,92.5,4.0,6.6,35.4,24.1,9.9,98.9,14.4,17.4,11.7,16.8,92.5,5.0,1.7,15.5,16.2,99.9,6.8,7.6,8.5,93.5,48.6,13.2,19.6,4.7,18.9,54.8,4.4,13.8,78.3,11.4,8.5,6.8,8.0,6.7,106.0,49.9,6.6,72.7,1573.0,20657.0,13.1,5781.0,9732.0,,5970.0,1601.0,841.0,18591.0,41.5,1305.0,10.8,10.7,8.3,25.7,11.1,72.7,79.3,59.9,62.4,,,54.5,53.9,810.8,4.1,1.2,221.8,67.7,57.5,20.0,366.4,182.9,84.9,0.6,25.6,28.9,18.4,2.1,0.1,5.6,41.4,13.2,12.1,1.2,10.0
82,1982JJ00,14286.0,172.0,117.0,,29.7,405.0,55.0,0.0,1212.0,80.0,,119.0,95.0,136.0,27.0,0.0,24.0,873.0,560.0,1478.0,,21.0,,17.2,8.1,,,,,32.9,27.9,5.0,27.8,70.5,37.7,62.5,6.8,3.7,1117.3,11.3,93.1,67.0,5.4,10.3,7.2,3.8,7.6,5.1,26.1,14.7,18.8,21.0,26.9,19.3,121.0,13.5,19.5,10.3,11.2,13.7,91.8,3.0,7.1,33.1,24.7,10.7,98.8,13.6,17.3,11.4,17.2,97.5,5.3,1.9,16.9,16.8,102.4,6.9,7.9,9.4,89.8,47.7,12.4,21.6,4.9,18.8,55.4,4.9,14.1,78.8,10.9,8.8,6.8,8.5,7.2,100.1,44.5,6.1,69.8,1599.0,20423.0,12.8,5893.0,9937.0,,6271.0,1672.0,867.0,19919.0,42.1,1392.0,11.2,10.0,8.3,25.8,11.0,72.7,79.4,59.0,63.1,,,53.3,54.5,819.3,4.4,1.2,222.3,67.5,60.0,20.3,368.5,182.8,84.7,0.8,27.3,29.9,17.8,2.0,0.1,5.7,41.5,12.5,11.4,1.3,10.7
83,1983JJ00,14340.0,170.0,118.0,,28.9,822.0,58.0,2.0,808.0,200.0,,143.0,480.0,123.0,24.0,1.0,29.0,335.0,581.0,1397.0,22.0,26.0,,17.9,7.5,,,,,33.4,28.4,5.0,27.4,71.4,38.0,65.1,8.1,,1117.5,11.5,94.0,69.0,5.6,10.4,7.0,4.3,7.9,5.4,26.5,14.9,18.9,21.8,27.6,18.7,125.9,15.0,19.9,10.9,11.9,14.2,88.7,3.1,7.6,29.9,23.9,11.3,97.8,13.3,17.3,10.7,17.0,100.6,5.6,2.1,17.7,16.7,101.6,6.9,7.9,8.8,87.7,47.7,12.8,23.1,4.8,17.9,55.8,5.3,14.1,79.0,10.4,8.9,6.5,8.7,7.5,95.7,40.9,6.7,69.6,1605.0,19971.0,12.4,6043.0,10336.0,,6586.0,1725.0,902.0,20696.0,42.9,1440.0,11.2,10.1,8.4,26.0,10.9,72.9,79.6,59.3,62.8,65.0,64.2,52.7,51.5,819.7,4.5,1.1,223.5,68.0,58.0,20.3,364.8,171.3,82.0,1.3,29.1,29.8,18.6,1.0,0.1,5.4,42.3,12.6,10.4,1.1,12.0
84,1984JJ00,14395.0,174.0,120.0,81.8,28.9,306.0,76.0,1.0,804.0,534.0,,123.0,82.0,144.0,20.0,1.0,23.0,842.0,834.0,1361.0,31.0,82.0,28.2,19.2,7.2,,,,,33.6,28.2,5.4,30.0,71.4,37.8,66.7,9.7,,1084.9,10.6,94.3,70.9,5.8,10.9,7.1,4.5,7.4,5.0,25.2,13.9,18.4,21.7,27.4,15.2,126.5,15.8,20.2,10.7,12.4,14.6,78.4,2.8,7.5,22.1,21.7,11.6,95.7,13.1,17.6,10.5,16.0,102.3,6.1,2.4,18.8,15.4,94.9,6.9,8.0,8.3,86.0,47.8,13.5,24.2,5.0,17.1,56.5,5.6,13.5,76.9,9.6,9.1,6.6,7.6,7.7,90.2,39.4,7.0,69.0,1565.0,19076.0,12.2,6213.0,12325.0,,6865.0,1800.0,931.0,21007.0,43.0,1456.0,10.8,10.0,8.3,26.2,11.7,73.0,79.7,58.8,61.4,64.6,63.3,52.2,49.2,830.6,4.5,1.2,227.5,68.3,60.3,20.3,369.6,173.7,84.4,1.5,30.6,29.2,18.2,0.8,0.1,5.4,41.7,12.1,10.5,0.9,12.4
85,1985JJ00,14454.0,178.0,123.0,82.5,27.9,310.0,44.0,0.0,854.0,1522.0,,137.0,24.0,166.0,28.0,0.0,28.0,128.0,549.0,1323.0,65.0,195.0,28.1,19.4,6.9,,,,,33.1,28.0,5.1,29.0,71.9,37.5,67.2,9.7,4.5,1072.3,10.6,93.3,71.3,5.7,10.6,7.1,4.8,7.9,5.4,24.8,13.6,18.1,21.7,27.9,13.9,130.6,17.3,21.1,10.8,13.2,14.8,75.1,3.2,7.6,18.2,20.7,12.5,93.5,13.2,17.3,10.1,15.5,102.4,6.2,2.5,19.1,14.4,88.1,7.3,8.1,7.6,86.4,49.5,13.9,26.6,5.4,15.9,56.7,6.4,13.7,77.6,9.4,9.7,7.5,6.9,8.0,85.7,38.2,7.2,68.5,1554.0,18664.0,12.0,6447.0,12860.0,,7118.0,1900.0,947.0,21771.0,43.8,1502.0,10.8,9.8,8.0,26.5,11.8,73.1,79.7,59.8,62.9,65.7,65.8,51.4,48.8,846.7,4.5,1.0,229.2,68.1,60.1,21.2,375.3,177.4,81.1,1.3,33.5,29.1,18.8,0.8,0.1,5.2,38.4,10.5,10.2,0.8,11.3
86,1986JJ00,14529.0,185.0,125.0,82.9,27.8,458.0,73.0,1.0,885.0,2159.0,,167.0,90.0,205.0,23.0,0.0,32.0,91.0,518.0,1202.0,137.0,160.0,28.6,20.0,6.9,,,,,34.3,29.3,5.1,32.6,72.9,37.9,67.5,10.5,4.9,1054.9,10.9,92.7,71.9,5.7,10.4,7.2,4.8,7.7,5.5,24.8,13.7,17.3,21.5,28.3,12.6,129.1,17.5,20.8,10.7,13.9,15.0,75.0,3.2,8.0,18.3,19.8,12.4,90.9,12.6,16.8,9.9,14.7,100.5,6.4,2.7,19.0,13.4,82.4,7.7,8.2,7.2,87.2,51.4,14.5,28.7,5.9,15.2,57.1,7.1,12.1,75.8,8.8,9.9,7.1,6.6,8.3,82.6,38.1,7.1,68.0,1538.0,18123.0,11.8,6517.0,13295.0,,7405.0,1991.0,981.0,22637.0,44.7,1553.0,10.9,9.7,7.7,26.8,12.1,73.1,79.6,60.5,62.5,65.3,65.3,51.6,50.0,859.9,5.4,1.1,233.1,67.8,61.7,21.1,365.2,173.2,81.1,3.2,36.3,29.6,16.9,0.8,0.1,5.4,38.4,10.8,10.1,0.9,11.0
87,1987JJ00,14615.0,187.0,122.0,82.9,26.1,433.0,61.0,0.0,1010.0,2709.0,17.0,153.0,227.0,205.0,20.0,0.0,23.0,320.0,544.0,1192.0,245.0,229.0,28.0,20.7,6.7,,,,,35.0,29.6,5.5,32.8,71.9,37.5,68.3,11.2,5.2,1028.9,10.0,94.1,73.7,6.0,10.7,7.5,4.9,7.5,5.3,24.1,13.3,16.7,20.5,28.8,10.6,130.6,18.5,20.8,10.8,14.4,14.7,70.0,3.0,7.2,16.1,19.2,12.1,88.6,12.3,16.6,9.9,13.9,101.2,6.8,2.9,19.9,12.7,76.0,6.9,8.3,7.3,85.9,52.0,14.7,31.1,6.2,14.7,53.4,7.3,11.3,74.6,8.4,10.1,7.0,6.8,8.6,76.6,35.9,6.7,67.4,1509.0,17356.0,11.5,6647.0,13771.0,,7585.0,2103.0,1003.0,23190.0,45.6,1581.0,11.1,9.4,7.6,27.0,12.4,73.5,80.1,60.5,63.5,65.6,65.2,51.8,50.1,833.3,5.3,1.1,239.1,70.2,61.2,22.1,346.7,164.2,78.9,0.7,34.8,28.9,15.3,0.6,0.1,5.3,37.2,10.1,10.2,0.7,11.0
88,1988JJ00,14715.0,187.0,124.0,83.3,25.3,99.0,63.0,0.0,1105.0,112.0,64.0,260.0,1520.0,236.0,23.0,0.0,25.0,77.0,488.0,1326.0,325.0,213.0,29.5,22.7,6.6,,,,,34.0,29.1,4.9,36.7,72.4,37.1,68.6,11.8,5.6,1022.3,10.7,94.0,74.3,6.1,10.5,7.5,4.9,8.0,5.6,23.2,12.8,15.9,20.4,30.0,9.6,131.8,19.1,19.9,11.0,14.9,14.7,70.6,3.2,7.8,15.2,18.6,12.8,88.0,12.0,16.4,9.8,13.6,102.1,6.9,3.0,20.6,12.4,72.5,7.2,8.2,6.6,84.3,51.6,14.8,32.0,6.5,13.7,55.5,7.2,11.1,73.1,8.0,10.1,6.5,6.5,9.4,73.2,34.2,7.1,67.0,1509.0,17053.0,11.3,6716.0,13946.0,,7882.0,2153.0,1046.0,23927.0,46.3,1621.0,11.0,9.1,6.8,27.2,12.9,73.7,80.2,61.0,63.6,66.3,65.1,52.0,50.3,841.2,5.4,1.0,240.0,69.3,62.6,22.3,349.3,158.9,81.8,0.5,37.0,29.7,15.4,0.8,0.1,4.9,35.3,9.5,10.0,0.7,10.3
89,1989JJ00,14805.0,189.0,129.0,82.2,25.0,30.0,56.0,0.0,675.0,434.0,55.0,244.0,124.0,471.0,18.0,0.0,30.0,29.0,485.0,1317.0,391.0,258.0,28.7,23.6,6.8,37.5,14.8,79.5,12.0,35.5,29.0,6.5,37.3,73.4,38.2,69.8,12.9,5.7,1028.4,10.8,95.7,76.1,6.4,10.3,7.8,5.2,8.5,6.1,22.5,12.3,15.9,19.8,30.9,9.4,133.0,19.5,18.6,11.6,15.3,14.5,69.7,3.6,7.8,13.7,18.3,13.3,86.8,11.1,16.1,9.8,13.4,102.3,7.3,3.4,20.5,12.6,71.9,6.6,9.6,6.7,83.4,52.3,14.3,32.5,6.6,13.1,63.1,7.7,11.0,73.5,8.0,10.4,6.5,6.2,9.8,72.2,33.5,7.3,65.8,1527.0,16776.0,11.0,6800.0,14569.0,3059.0,7803.0,2229.0,1079.0,24922.0,47.7,1678.0,10.8,9.6,6.8,27.3,13.6,73.7,79.9,60.2,62.3,66.7,66.0,50.9,49.3,868.1,6.6,1.1,238.5,68.6,61.1,22.8,348.4,153.2,82.6,2.8,41.4,31.5,16.2,0.5,0.1,4.6,37.9,10.1,11.1,0.7,10.2
90,1990JJ00,14893.0,198.0,129.0,81.7,23.7,21.0,63.0,0.0,771.0,471.0,49.0,255.0,16.0,514.0,14.0,0.0,23.0,38.0,418.0,1369.0,419.0,314.0,29.8,21.1,6.8,37.0,13.2,79.8,12.8,35.0,28.8,6.2,34.2,75.4,41.0,71.3,14.3,5.9,1016.9,10.2,93.2,74.0,6.3,9.9,8.0,5.2,8.8,6.3,22.1,11.8,15.3,19.4,32.2,9.3,138.4,21.0,19.5,11.7,15.8,14.8,68.4,2.9,7.9,13.4,18.2,13.4,85.0,10.7,15.5,9.9,12.5,99.7,7.4,3.6,20.0,11.7,67.6,5.8,8.8,6.3,84.7,54.6,14.7,35.5,7.3,13.0,56.1,8.2,10.1,72.5,7.6,10.6,6.6,5.9,10.4,73.0,33.4,7.9,64.6,1521.0,16305.0,10.7,6856.0,14575.0,,7900.0,2247.0,1119.0,26658.0,49.3,1783.0,10.9,9.6,7.1,27.5,14.3,73.8,80.1,60.6,61.9,66.1,66.4,51.4,48.5,861.6,7.4,0.9,235.2,66.3,58.7,22.2,345.2,149.8,82.9,2.1,40.5,30.9,16.9,0.5,0.1,5.0,35.5,9.4,10.6,0.7,9.7
91,1991JJ00,15010.0,199.0,130.0,80.9,23.6,23.0,90.0,0.0,926.0,164.0,31.0,276.0,60.0,439.0,17.0,0.0,20.0,57.0,372.0,1345.0,450.0,343.0,31.4,24.0,6.4,38.3,13.3,78.6,13.0,35.2,29.3,5.9,40.6,75.5,38.5,71.7,13.7,6.1,1013.9,10.7,91.4,72.3,6.5,9.8,7.6,5.2,8.9,6.4,20.7,10.6,14.7,19.1,35.0,9.0,141.3,21.7,19.2,12.0,16.1,15.2,69.4,3.2,8.3,12.8,19.1,13.7,85.9,10.2,16.0,10.4,12.3,100.4,8.1,3.7,20.0,11.8,65.1,5.3,9.0,6.3,82.7,53.3,15.1,35.1,7.2,12.5,56.1,8.7,9.5,71.9,7.0,11.1,6.9,6.0,10.7,71.7,32.8,7.9,63.7,1528.0,16098.0,10.5,6902.0,13970.0,,7377.0,2287.0,1163.0,28737.0,50.6,1907.0,11.2,9.1,6.5,27.7,14.8,74.1,80.2,59.4,61.9,66.9,65.0,50.7,47.9,862.4,8.0,0.8,236.5,66.7,59.4,23.1,344.3,144.9,84.1,1.0,40.7,31.4,16.4,0.4,0.1,4.7,36.1,8.8,10.8,0.6,10.7
92,1992JJ00,15129.0,197.0,130.0,81.8,22.5,53.0,78.0,0.0,929.0,169.0,26.0,203.0,582.0,563.0,11.0,34.0,29.0,10.0,426.0,1465.0,510.0,384.0,30.9,23.9,5.8,36.5,12.5,80.0,12.7,36.6,30.1,6.5,41.4,75.4,38.5,72.9,13.5,5.8,1018.4,11.2,93.6,74.6,6.5,9.7,8.3,5.4,9.1,6.6,20.3,10.2,14.4,19.5,37.3,9.3,145.0,22.1,18.3,12.9,15.9,15.5,69.1,3.1,9.7,11.7,18.3,13.6,89.1,10.5,16.2,11.1,12.5,99.1,8.6,4.0,19.9,12.0,64.5,5.3,8.9,7.0,80.4,52.1,14.7,35.1,7.3,11.9,53.5,8.9,9.9,72.5,7.0,11.3,6.3,5.9,12.1,70.9,31.2,8.5,63.4,1546.0,15870.0,10.3,6962.0,13238.0,,7210.0,2392.0,1196.0,30725.0,52.0,2024.0,11.5,9.1,6.3,28.0,14.9,74.3,80.3,60.0,63.3,66.6,67.0,50.6,48.8,855.4,8.8,0.9,236.8,66.9,59.9,22.8,339.6,138.9,85.1,0.9,36.7,32.5,15.9,0.5,0.1,4.8,35.7,9.4,10.4,0.6,10.5
93,1993JJ00,15239.0,196.0,138.0,80.6,21.5,41.0,52.0,0.0,1049.0,294.0,45.0,209.0,381.0,562.0,5.0,37.0,16.0,15.0,369.0,1577.0,481.0,477.0,31.6,25.9,6.2,36.4,13.3,81.1,12.3,36.5,30.2,6.3,43.4,75.6,39.7,74.0,13.7,5.7,1019.0,11.3,94.7,75.1,6.7,9.7,8.6,5.1,8.8,6.7,20.7,10.5,14.4,19.2,38.3,9.1,150.1,21.8,18.6,13.9,16.7,16.3,72.1,4.2,10.5,11.6,17.8,14.7,88.0,10.1,15.7,11.4,11.9,95.9,8.5,4.1,19.5,11.7,61.6,4.9,8.5,7.1,79.3,51.8,14.7,36.2,7.1,11.2,54.1,9.7,9.3,72.8,6.7,11.4,6.6,6.2,12.8,69.5,30.6,8.0,62.4,1558.0,15608.0,10.0,7017.0,13694.0,3720.0,7258.0,2464.0,1230.0,32167.0,53.1,2104.0,11.7,9.1,6.3,28.3,15.1,74.0,80.0,59.9,61.1,66.1,65.9,50.2,47.1,901.2,10.3,1.1,238.4,66.4,60.2,23.2,355.2,144.7,84.4,4.3,42.7,32.6,17.7,0.5,0.1,4.6,34.1,8.5,10.0,0.6,10.2
94,1994JJ00,15342.0,196.0,133.0,80.6,20.7,40.0,93.0,0.0,993.0,536.0,53.0,248.0,351.0,402.0,7.0,0.0,24.0,14.0,314.0,1800.0,494.0,525.0,31.0,27.8,4.9,37.4,12.4,80.1,13.7,38.4,31.3,7.1,45.0,76.3,39.5,73.9,13.7,6.0,1032.3,12.1,95.7,75.8,6.6,9.8,8.9,4.9,8.8,6.8,20.4,10.1,14.8,19.1,38.6,9.1,154.7,22.7,18.3,15.2,16.2,16.6,71.4,3.5,10.2,11.5,17.5,14.3,90.2,10.1,15.8,12.1,12.0,94.0,9.4,4.4,18.9,11.7,61.4,5.0,8.9,7.3,79.4,52.5,14.6,36.6,7.1,10.8,57.3,10.7,9.4,74.6,6.9,11.4,6.5,6.4,13.9,71.3,30.9,7.5,59.9,1588.0,15404.0,9.7,7124.0,14143.0,3929.0,7328.0,2484.0,1276.0,33368.0,54.3,2169.0,11.5,8.6,5.6,28.4,15.1,74.6,80.3,60.7,61.4,66.7,66.3,49.9,47.4,867.7,9.6,0.9,237.1,66.4,59.9,23.2,336.0,134.6,81.9,0.9,37.0,32.6,17.2,0.4,0.1,4.7,34.3,8.5,10.1,0.7,10.3
95,1995JJ00,15424.0,191.0,136.0,81.2,20.1,37.0,60.0,1.0,995.0,343.0,42.0,320.0,116.0,484.0,11.0,0.0,26.0,24.0,366.0,1612.0,533.0,596.0,33.2,28.5,4.9,35.9,12.7,79.7,12.8,38.0,30.9,7.1,42.8,75.2,38.9,74.6,13.6,6.2,1019.2,11.8,95.4,76.4,6.8,10.0,8.5,5.0,8.9,6.9,19.7,9.4,14.7,19.3,36.7,8.6,155.3,23.4,18.5,15.4,16.1,16.8,70.3,3.9,10.9,11.4,16.4,14.6,88.7,9.6,15.0,12.1,11.6,88.3,9.4,4.7,17.6,11.1,58.8,5.0,8.4,7.0,78.3,52.1,14.6,36.4,7.1,10.3,57.5,11.4,9.2,77.0,7.0,11.6,6.5,6.8,15.1,71.6,30.2,7.7,58.9,1575.0,15012.0,9.5,7197.0,13917.0,4056.0,7258.0,2521.0,1349.0,35148.0,56.3,2274.0,10.8,8.1,5.5,28.6,16.7,74.6,80.4,60.8,61.9,66.3,64.9,49.8,47.3,877.6,10.4,0.9,236.0,66.7,59.7,22.5,337.0,134.1,80.3,1.9,40.8,32.6,17.1,0.4,0.1,4.1,33.5,8.4,10.0,0.6,9.8
96,1996JJ00,15494.0,190.0,138.0,81.5,19.3,36.0,42.0,0.0,728.0,2830.0,42.0,297.0,58.0,479.0,14.0,0.0,13.0,42.0,354.0,1649.0,459.0,677.0,32.9,29.5,4.7,36.0,11.9,82.0,12.5,39.0,31.9,7.2,45.5,75.2,37.6,74.4,13.2,5.3,1015.6,12.3,95.8,76.7,6.9,10.0,8.6,5.1,9.1,7.1,19.8,9.1,14.5,18.7,33.7,8.0,156.8,23.6,18.2,16.2,16.8,16.9,71.9,4.0,12.3,11.0,16.1,14.5,88.4,9.6,14.4,12.3,11.3,84.7,9.5,4.8,16.5,10.7,56.1,4.7,7.2,6.6,79.8,53.1,15.0,37.6,7.5,10.1,58.0,11.8,9.5,78.6,7.1,12.1,7.0,6.9,15.6,70.4,29.2,7.6,58.1,1577.0,14778.0,9.4,7386.0,14563.0,4219.0,6936.0,2661.0,1363.0,36413.0,57.4,2345.0,10.7,8.4,5.7,28.9,17.6,74.7,80.4,61.8,61.7,68.1,66.8,48.6,45.2,885.7,10.3,0.8,239.7,66.6,57.2,23.0,330.4,132.4,78.8,1.7,41.8,33.2,17.1,0.3,0.1,4.1,34.2,8.5,10.3,0.5,10.2
97,1997JJ00,15567.0,192.0,136.0,80.8,17.9,47.0,39.0,1.0,988.0,2688.0,43.0,223.0,20.0,500.0,16.0,0.0,16.0,17.0,381.0,1488.0,337.0,832.0,32.9,31.9,4.6,35.8,11.7,84.8,13.8,40.6,32.2,8.4,43.3,75.5,37.4,76.1,15.2,6.1,1003.5,11.9,94.6,76.0,7.1,10.2,8.7,5.0,9.3,7.3,19.4,8.6,14.7,18.8,29.4,7.6,154.7,23.5,17.3,16.7,16.5,17.1,69.9,4.0,12.4,10.6,15.0,14.5,87.4,9.6,14.3,12.3,10.8,80.2,10.1,5.0,14.6,10.6,53.9,4.6,6.5,6.1,81.0,54.6,15.2,38.0,7.5,9.8,62.2,12.9,9.5,78.7,7.1,11.7,6.6,7.1,16.1,71.1,29.8,7.9,58.2,1567.0,14358.0,9.2,7464.0,15240.0,4459.0,7030.0,2742.0,1419.0,38208.0,59.1,2448.0,10.5,7.9,5.0,29.0,17.5,75.2,80.6,61.1,61.2,69.0,68.0,49.3,45.3,869.8,9.3,0.7,237.9,65.8,57.3,23.1,318.8,124.0,77.8,1.3,40.7,32.1,16.5,0.2,0.1,4.2,33.0,7.7,9.9,0.6,10.1
98,1998JJ00,15654.0,199.0,137.0,81.1,17.1,34.0,22.0,1.0,1122.0,2568.0,48.0,266.0,10.0,495.0,9.0,0.0,9.0,14.0,391.0,1362.0,238.0,688.0,32.6,32.6,5.0,34.7,11.7,84.7,13.1,40.6,32.0,8.5,42.7,75.6,38.1,77.6,15.3,6.4,979.0,11.7,90.6,72.8,6.8,9.8,8.3,4.5,9.1,7.1,18.5,8.3,14.1,17.9,24.3,7.1,148.8,22.6,16.9,16.5,16.3,16.7,71.5,4.0,13.5,10.4,13.5,14.9,85.3,9.5,13.8,12.2,10.2,74.0,10.1,5.2,13.0,9.9,50.6,4.2,5.9,6.0,84.3,57.1,16.1,40.1,8.1,9.2,63.8,13.4,9.0,74.7,6.4,11.3,6.1,6.8,15.8,72.9,30.7,8.8,57.8,1538.0,13888.0,9.0,7606.0,14345.0,3584.0,7162.0,2806.0,1519.0,39380.0,59.2,2507.0,10.0,7.9,5.2,29.1,18.5,75.2,80.7,61.4,61.6,69.3,68.9,49.7,45.2,875.3,9.6,0.8,237.9,65.4,57.2,22.7,317.2,121.7,77.1,1.6,44.4,32.2,16.3,0.2,0.1,4.1,31.3,6.9,9.8,0.5,9.7
99,1999JJ00,15760.0,200.0,140.0,80.0,17.0,,37.0,0.0,633.0,6977.0,271.0,453.0,3114.0,524.0,26.0,0.0,8.0,4.0,360.0,1555.0,250.0,721.0,34.3,33.5,5.4,34.0,11.2,86.0,13.9,42.4,33.5,8.9,43.2,75.5,38.4,77.1,15.6,6.8,954.9,11.4,89.5,72.2,7.0,9.8,8.5,4.5,8.9,7.0,17.6,7.3,13.7,16.8,19.2,6.5,143.5,21.5,16.5,17.6,15.5,16.5,66.9,4.1,12.2,9.9,13.1,13.6,83.4,9.5,12.9,12.2,9.5,68.2,10.3,5.3,11.1,9.3,48.0,4.1,5.7,5.9,84.3,57.5,16.5,41.2,8.3,8.5,69.2,13.5,8.5,75.1,6.4,11.7,6.5,6.4,15.4,73.6,30.0,10.0,57.2,1510.0,13138.0,8.7,7440.0,9890.0,2715.0,6130.0,2441.0,1410.0,42394.0,61.6,2681.0,10.1,7.9,5.2,29.1,18.8,75.3,80.5,60.9,60.4,69.3,66.9,49.0,43.7,888.5,10.3,0.8,241.2,67.2,57.1,23.4,313.6,115.8,78.5,1.7,42.6,32.1,17.3,0.2,0.1,3.9,32.8,7.3,11.0,0.6,9.6
100,2000JJ00,15864.0,207.0,141.0,80.4,15.7,,33.0,0.0,658.0,4265.0,171.0,543.0,255.0,516.0,18.0,0.0,12.0,11.0,286.0,1443.0,272.0,898.0,33.8,34.5,5.5,32.7,9.8,85.9,13.3,44.3,34.6,9.7,43.1,75.6,38.0,78.2,16.2,5.9,922.8,11.4,87.4,70.7,7.2,9.5,8.4,4.5,8.7,6.7,16.9,6.9,12.8,15.9,15.4,6.3,137.7,20.7,16.1,17.9,14.8,16.3,63.5,3.7,11.7,9.4,12.7,12.6,82.2,9.5,12.1,12.6,9.2,64.4,10.6,5.8,9.4,8.5,46.4,3.9,5.4,5.6,85.9,59.1,16.9,43.0,8.3,8.8,60.4,13.3,7.9,73.3,6.5,11.7,6.1,6.3,15.5,73.1,30.0,9.9,55.4,1470.0,12412.0,8.4,7710.0,10575.0,2775.0,6255.0,2473.0,1490.0,45361.0,63.4,2848.0,10.0,7.8,5.1,29.1,18.2,75.5,80.6,61.5,60.9,69.2,67.8,48.6,44.2,882.4,10.2,0.6,237.0,66.2,55.8,21.7,308.9,109.5,76.5,2.3,42.4,33.5,17.6,0.2,0.1,3.8,32.5,7.1,10.5,0.7,9.4
101,2001JJ00,15987.0,203.0,140.0,80.8,15.6,,34.0,0.0,705.0,8030.0,196.0,538.0,17.0,770.0,24.0,0.0,10.0,4.0,347.0,1492.0,281.0,997.0,35.3,35.6,5.5,34.7,10.4,84.3,14.3,44.9,35.3,9.6,43.1,76.1,37.8,77.7,16.7,6.9,909.2,11.1,88.1,71.0,7.4,9.8,8.5,4.6,8.3,6.5,16.9,6.9,11.9,14.7,11.8,6.0,134.6,20.1,15.8,18.4,14.4,16.5,62.0,3.7,11.8,9.2,12.2,11.5,81.5,9.5,11.5,12.6,8.8,64.7,11.2,6.5,8.6,8.5,46.1,4.0,5.4,5.3,85.4,59.8,16.0,43.1,8.2,8.3,60.0,13.5,7.3,73.6,6.1,11.8,6.3,6.3,16.1,72.3,29.8,10.2,53.2,1459.0,11997.0,8.2,7770.0,11245.0,2900.0,6365.0,2601.0,1570.0,50767.0,66.7,3164.0,10.5,7.9,5.4,29.2,18.8,75.8,80.7,61.8,61.6,68.7,68.5,48.7,42.1,874.8,10.3,0.5,234.6,65.4,56.6,21.7,296.9,103.5,74.1,0.4,39.7,33.4,17.6,0.3,0.1,3.8,33.9,6.4,13.0,0.5,9.2
102,2002JJ00,16105.0,202.0,142.0,80.7,14.1,,26.0,0.0,399.0,4552.0,299.0,398.0,3.0,658.0,6.0,0.0,17.0,3.0,251.0,1415.0,317.0,1089.0,35.6,37.4,5.4,33.7,9.1,84.9,12.2,45.1,35.0,10.1,41.9,74.9,38.0,78.5,17.2,6.6,935.3,11.4,89.3,72.0,7.9,9.5,8.6,4.6,8.6,6.7,17.0,6.7,12.1,15.4,10.3,6.0,138.5,20.7,15.7,19.5,14.2,17.1,62.5,3.8,12.9,9.1,12.1,11.2,84.3,9.5,11.6,13.5,9.3,67.3,12.1,7.5,8.7,9.0,48.3,4.2,5.6,5.2,86.1,60.3,16.0,43.1,8.1,8.5,67.1,15.7,8.0,76.3,6.6,11.7,6.3,6.8,17.3,73.9,30.0,10.0,52.9,1510.0,11785.0,7.8,7845.0,11355.0,2965.0,6450.0,2693.0,1660.0,56663.0,69.9,3509.0,11.3,7.6,5.0,29.2,18.9,76.0,80.7,62.0,61.9,69.4,69.2,46.8,41.3,881.5,10.8,0.4,235.8,66.5,57.1,21.7,297.2,98.9,75.7,0.9,39.1,34.5,17.4,0.3,0.1,3.2,32.9,6.5,11.3,0.7,9.7
103,2003JJ00,16193.0,200.0,142.0,80.5,14.4,,37.0,0.0,373.0,2863.0,209.0,342.0,5.0,392.0,14.0,0.0,11.0,1.0,259.0,1340.0,329.0,1109.0,36.5,38.2,4.7,32.2,8.7,84.5,11.8,46.3,35.3,11.1,41.3,74.4,38.7,78.2,17.6,6.8,967.0,11.3,90.9,73.3,8.2,10.1,8.6,4.6,9.2,7.1,18.0,6.9,12.1,15.9,9.4,6.4,142.3,20.1,15.1,20.9,14.5,17.7,64.7,4.4,13.8,9.3,12.3,11.5,88.3,9.5,11.5,14.5,9.6,69.9,12.4,8.4,8.8,9.4,51.1,4.7,5.9,5.1,85.7,60.8,15.4,42.9,8.0,8.2,76.3,18.0,8.6,78.7,7.0,12.1,6.1,6.8,18.2,76.2,29.8,10.5,52.3,1569.0,11701.0,7.5,7915.0,11565.0,2940.0,6555.0,2828.0,1715.0,60888.0,72.8,3753.0,11.9,7.4,4.8,29.3,18.7,76.2,80.9,62.4,61.6,69.4,68.6,49.1,41.8,874.8,11.7,0.4,235.5,67.7,56.6,20.9,289.3,95.8,70.7,1.0,40.4,36.1,18.4,0.2,0.0,3.4,33.3,6.7,12.1,0.5,9.2
104,2004JJ00,16258.0,194.0,137.0,80.4,14.0,,29.0,0.0,432.0,9737.0,231.0,292.0,11.0,260.0,18.0,0.0,16.0,69.0,366.0,1292.0,327.0,1232.0,36.8,38.6,4.2,31.1,7.9,83.5,12.5,46.8,35.5,11.4,39.9,73.3,39.0,78.4,17.3,7.2,1013.1,12.0,97.9,79.4,8.8,10.7,9.1,4.9,9.3,7.2,18.8,7.0,12.6,16.9,8.8,6.5,151.1,21.1,14.7,23.5,15.0,18.5,66.8,4.1,14.6,9.2,12.5,11.5,91.7,9.5,11.1,15.2,10.2,74.6,12.7,9.1,9.1,10.6,54.8,5.0,6.3,5.5,85.7,60.3,15.8,42.3,7.5,8.5,86.9,22.1,9.9,82.0,7.7,12.0,6.2,7.1,19.6,75.8,29.2,8.3,52.2,1649.0,11626.0,7.0,7960.0,11275.0,3075.0,6615.0,2898.0,1880.0,63003.0,75.1,3870.0,11.9,6.6,4.4,29.4,18.8,76.9,81.4,62.6,62.0,69.3,67.8,48.3,42.9,838.7,11.5,0.5,238.5,68.2,59.0,20.5,274.2,86.5,67.5,0.8,35.3,34.4,17.3,0.2,0.1,3.3,32.1,5.4,11.3,0.6,9.3
105,2005JJ00,16306.0,188.0,136.0,79.9,13.3,,37.0,0.0,207.0,5933.0,280.0,296.0,3.0,251.0,8.0,0.0,5.0,345.0,415.0,1128.0,395.0,1288.0,37.1,39.0,4.1,31.1,8.2,83.9,11.3,45.2,34.1,11.1,39.7,73.1,40.0,77.9,16.8,6.5,1037.7,12.4,99.5,81.8,9.8,10.7,8.9,5.2,9.5,7.3,19.1,6.8,12.7,17.8,7.7,6.7,152.1,21.3,14.5,25.8,15.5,19.3,72.9,5.3,17.5,9.0,12.7,12.7,91.3,9.8,9.6,15.4,10.2,76.9,13.3,10.0,9.6,11.1,57.0,5.2,6.3,5.6,85.5,59.8,16.3,42.0,7.4,8.3,95.6,23.4,10.1,84.1,7.8,12.0,6.5,7.1,20.1,76.3,27.9,8.1,51.3,1693.0,11542.0,6.8,8165.0,12305.0,3160.0,6705.0,2952.0,1990.0,65424.0,77.6,4009.0,11.9,6.9,4.9,29.4,18.9,77.2,81.6,62.5,61.8,70.2,67.8,46.6,41.9,835.8,11.2,0.4,241.1,71.8,59.6,20.4,265.6,81.8,63.3,2.0,39.4,33.0,17.5,0.3,0.1,3.2,32.7,4.9,12.0,0.6,9.6
106,2006JJ00,16334.0,185.0,135.0,80.9,12.7,,20.0,0.0,276.0,4404.0,440.0,241.0,1.0,177.0,14.0,0.0,13.0,5.0,242.0,1030.0,304.0,1213.0,37.5,39.9,4.2,31.1,7.6,83.9,11.9,46.7,35.1,11.7,36.5,72.6,40.2,78.1,17.8,6.3,1064.7,13.6,102.2,84.6,10.5,11.4,9.2,5.3,10.2,7.6,19.7,6.9,12.5,18.4,6.7,6.5,153.2,20.3,14.0,27.7,16.0,19.4,74.3,5.1,18.5,9.8,12.0,12.2,93.9,9.9,8.0,15.9,10.1,79.5,13.4,11.4,9.8,11.3,57.2,5.4,5.9,5.2,88.9,59.8,19.1,41.9,7.1,8.0,101.8,26.3,10.8,85.6,8.0,12.0,6.2,7.1,20.7,80.5,29.1,8.8,50.7,1740.0,11445.0,6.6,8450.0,12850.0,3295.0,7045.0,3156.0,2120.0,68495.0,79.6,4190.0,11.7,6.0,4.4,29.4,17.8,77.6,81.9,63.6,62.9,70.2,69.2,48.3,41.8,828.2,11.8,0.5,241.6,71.2,59.6,20.5,255.2,76.4,60.5,0.5,38.5,33.2,19.3,0.2,0.1,3.4,32.8,4.8,12.3,0.5,9.3
107,2007JJ00,16358.0,181.0,133.0,81.2,12.5,,25.0,0.0,161.0,7767.0,325.0,229.0,10.0,184.0,21.0,0.0,195.0,1.0,406.0,999.0,346.0,1326.0,38.5,39.0,4.2,29.3,7.1,84.2,11.3,45.7,34.1,11.6,38.1,72.0,41.0,77.7,18.8,7.0,1088.9,13.6,105.0,86.7,10.6,11.8,9.6,5.3,9.9,7.7,19.5,6.8,12.1,18.7,6.0,6.2,153.9,20.2,13.7,29.3,16.7,18.9,76.0,6.0,19.2,8.9,12.0,13.0,93.6,9.6,7.2,16.2,10.1,82.0,13.9,12.1,9.4,11.8,58.3,5.8,5.9,4.5,90.7,61.8,18.5,41.0,6.9,7.8,109.4,27.8,11.1,89.4,8.8,12.3,6.2,7.0,21.4,85.5,29.6,10.0,49.0,1784.0,11270.0,6.3,9130.0,14080.0,3360.0,7335.0,3196.0,2470.0,72713.0,83.8,4439.0,11.7,5.7,4.1,29.4,17.1,78.0,82.3,64.7,63.4,70.7,69.9,47.9,42.3,812.0,11.3,0.3,242.9,73.1,61.4,19.5,249.4,72.5,57.5,0.5,39.3,32.9,18.9,0.1,0.1,2.8,31.8,4.9,12.3,0.5,8.3
108,2008JJ00,16405.0,185.0,135.0,80.6,12.4,25.0,27.0,0.0,185.0,8206.0,339.0,221.0,110.0,155.0,26.0,0.0,1003.0,2.0,438.0,1012.0,324.0,1428.0,39.6,39.6,4.1,29.0,7.2,83.7,10.5,47.1,35.6,11.5,38.5,73.3,41.2,78.3,20.0,7.2,1120.5,15.0,103.7,85.9,10.2,11.9,9.3,5.7,10.2,8.0,20.2,7.0,11.7,19.0,5.7,5.9,158.3,20.7,14.4,32.5,16.9,19.2,77.4,6.1,20.4,8.6,11.8,13.3,95.2,9.8,6.4,15.9,10.1,82.9,14.2,12.4,9.4,11.9,58.6,6.2,5.9,3.9,93.9,63.1,19.6,44.0,7.1,7.3,124.0,31.1,12.4,91.4,9.1,12.6,6.3,7.0,21.9,85.9,30.0,9.2,48.2,1843.0,11209.0,6.1,9350.0,14485.0,3370.0,7395.0,3176.0,2610.0,77705.0,87.4,4725.0,12.0,5.4,3.8,29.4,17.7,78.3,82.3,63.7,63.5,70.9,69.5,48.4,42.4,821.7,12.2,0.3,247.8,74.2,62.0,20.4,244.0,69.2,55.9,0.3,38.3,32.8,20.2,0.2,0.0,2.7,32.9,4.4,12.7,0.5,8.7
109,2009JJ00,16486.0,185.0,134.0,81.5,11.6,71.0,27.0,0.0,180.0,6300.0,256.0,235.0,11.0,158.0,16.0,0.0,2424.0,7.0,413.0,1157.0,316.0,1326.0,40.0,39.1,4.1,28.4,6.6,83.0,10.9,47.4,35.3,12.1,39.0,73.9,43.2,78.6,20.5,6.6,1153.6,15.5,106.1,88.6,10.4,12.4,9.3,5.9,10.9,8.5,20.6,6.9,11.7,19.8,5.2,6.2,164.8,20.5,15.2,36.3,17.7,19.9,79.2,7.7,21.4,8.0,11.5,13.4,97.7,10.4,6.0,16.3,10.1,85.0,14.5,12.8,9.5,12.1,60.1,6.6,6.4,3.7,100.3,66.9,22.0,45.7,7.6,8.0,119.6,33.9,12.5,99.1,10.3,13.4,7.3,7.0,23.5,87.9,30.4,10.4,47.6,1907.0,11069.0,5.8,9660.0,15020.0,3290.0,7650.0,3252.0,2820.0,82298.0,91.9,4979.0,13.2,4.9,3.8,29.4,17.5,78.5,82.6,65.3,63.8,71.2,69.9,47.6,41.8,812.0,12.2,0.4,250.0,75.2,62.0,19.4,235.3,64.5,54.3,1.0,38.0,31.1,18.9,0.2,0.1,2.8,34.0,4.3,13.4,0.5,9.2
110,2010JJ00,16575.0,184.0,136.0,80.3,,569.0,24.0,0.0,261.0,3681.0,473.0,244.0,20.0,143.0,16.0,0.0,411.0,0.0,533.0,1068.0,329.0,1343.0,35.8,34.2,4.2,26.8,5.2,80.9,9.9,48.2,36.8,11.4,39.0,72.3,37.8,78.4,22.0,5.8,1188.9,16.7,109.0,90.7,10.9,13.2,9.0,6.0,11.4,8.8,20.9,7.0,12.2,20.7,4.9,6.6,169.0,20.6,15.9,37.7,17.9,20.8,78.4,6.2,21.2,8.1,11.1,13.6,99.9,9.9,5.2,16.7,10.1,87.2,15.0,13.3,9.4,12.3,62.3,7.3,6.0,3.8,105.9,71.9,21.4,48.8,7.8,8.3,124.1,36.5,12.6,103.8,10.9,13.6,8.1,6.9,25.2,88.8,30.0,9.7,47.3,1975.0,10991.0,5.6,9960.0,16055.0,3240.0,7840.0,3308.0,2970.0,85790.0,94.9,5163.0,13.4,4.8,3.8,29.4,16.6,78.8,82.7,63.9,63.0,70.2,69.7,47.2,40.6,818.9,12.7,0.3,254.9,77.5,63.2,19.5,234.8,62.5,53.2,0.2,36.5,31.7,20.9,0.2,0.0,2.7,34.6,4.3,13.9,0.5,9.6
111,2011JJ00,16656.0,180.0,136.0,80.1,,613.0,20.0,1.0,116.0,7176.0,315.0,242.0,51.0,99.0,27.0,0.0,77.0,3.0,584.0,1004.0,273.0,1300.0,38.0,35.7,4.2,26.8,5.3,81.1,9.9,48.2,36.8,11.4,37.7,72.0,39.0,78.2,22.8,6.3,1217.1,16.9,111.8,92.6,10.7,13.1,8.6,5.8,11.7,9.1,21.9,6.9,12.8,21.8,5.0,6.8,171.3,19.5,16.7,40.2,17.8,21.0,83.0,7.8,23.2,8.2,10.8,14.4,101.5,10.1,4.9,16.9,10.4,87.6,15.1,13.7,8.9,12.4,63.9,7.6,5.9,3.7,106.2,74.3,18.4,48.7,7.3,8.4,131.9,39.6,13.6,106.1,11.0,12.8,6.9,7.3,27.5,89.5,29.5,9.2,46.6,2031.0,10735.0,5.3,10315.0,16700.0,3155.0,8225.0,3465.0,3155.0,88125.0,99.0,5279.0,13.6,4.8,3.6,29.4,16.2,79.2,82.9,63.7,63.3,71.1,70.0,46.1,40.9,813.2,12.6,0.2,256.8,77.1,64.8,19.7,228.4,59.2,50.6,0.4,38.7,30.7,21.0,0.1,0.0,2.8,35.0,4.2,14.5,0.4,9.9
112,2012JJ00,16730.0,176.0,141.0,80.1,,397.0,17.0,1.0,124.0,13827.0,308.0,199.0,35.0,106.0,18.0,0.0,63.0,1.0,752.0,956.0,312.0,1260.0,36.8,32.5,4.0,24.4,4.2,83.8,13.6,47.9,35.9,12.0,39.7,71.3,37.9,78.5,21.2,5.7,1181.7,18.9,110.2,91.7,11.2,12.8,8.3,5.9,11.3,8.7,22.8,6.9,11.8,21.4,4.3,6.4,163.2,14.9,17.3,36.7,17.3,21.1,81.2,7.2,22.3,7.4,9.9,16.0,98.7,9.9,4.5,16.9,10.0,86.2,15.2,14.1,8.8,11.6,63.2,7.8,5.6,3.6,103.6,68.9,19.5,48.7,7.1,7.8,127.9,35.9,13.4,103.0,9.9,12.9,6.5,7.1,27.8,81.0,28.8,6.3,45.6,1980.0,10296.0,5.2,10535.0,17315.0,3085.0,8290.0,3443.0,3300.0,90622.0,99.6,5409.0,13.9,4.4,3.7,29.4,17.0,79.1,82.8,64.7,62.6,71.9,69.5,48.1,40.5,840.4,13.3,0.2,258.9,79.8,63.3,19.3,229.0,58.0,50.6,0.8,41.6,31.4,21.9,0.2,0.0,2.6,37.8,4.1,16.7,0.5,10.5
113,2013JJ00,16780.0,171.0,141.0,80.3,,205.0,25.0,0.0,109.0,3418.0,311.0,166.0,2680.0,109.0,14.0,0.0,20.0,57.0,473.0,845.0,277.0,1251.0,37.0,33.4,3.9,24.4,4.1,83.8,13.0,48.2,36.4,11.8,37.4,71.5,37.8,78.7,22.0,6.3,1033.8,17.9,104.7,88.1,10.9,12.3,8.1,5.7,10.3,7.5,22.0,6.8,4.9,35.6,3.4,5.5,141.5,10.4,16.2,26.4,16.3,20.4,80.4,7.8,19.8,6.1,8.8,19.1,92.2,9.0,3.7,15.8,9.1,76.2,13.8,12.6,8.0,8.8,56.6,7.3,4.9,3.0,84.8,44.3,28.9,48.1,6.8,6.6,80.9,20.3,10.6,89.4,7.5,12.3,6.0,5.4,25.0,63.7,22.7,3.7,44.7,1771.0,9278.0,5.2,10750.0,17930.0,2965.0,8320.0,3569.0,3430.0,90954.0,100.3,5413.0,13.8,4.4,3.8,29.4,16.8,79.4,83.0,64.6,63.5,71.2,70.5,48.7,42.0,840.5,19.0,0.2,252.3,75.7,62.8,18.9,229.1,55.2,56.0,1.6,40.0,26.7,18.0,0.2,0.0,2.6,38.4,3.5,17.2,0.5,11.1
114,2014JJ00,16829.0,175.0,139.0,80.4,,39.0,20.0,1.0,105.0,9237.0,370.0,284.0,136.0,81.0,8.0,0.0,26.0,2.0,360.0,814.0,225.0,1106.0,40.2,38.7,3.8,25.4,4.3,81.1,9.2,50.3,36.7,13.6,38.1,67.9,39.4,78.9,23.0,5.5,1017.5,18.1,101.1,84.8,11.1,11.5,7.3,5.7,10.4,7.5,22.0,6.5,4.7,35.8,3.0,5.5,142.5,8.7,18.3,25.0,16.4,21.6,76.5,6.2,18.7,5.8,8.1,19.0,93.9,9.5,3.4,15.9,8.9,75.8,13.9,13.4,8.0,8.4,57.0,8.0,4.8,2.9,80.6,41.5,27.6,49.7,7.2,6.4,76.3,17.5,10.3,90.1,7.5,12.7,5.9,5.1,24.8,59.3,19.9,3.1,43.5,1750.0,9062.0,5.2,11150.0,18155.0,2810.0,8415.0,3635.0,3330.0,91927.0,100.8,5451.0,13.7,4.1,3.6,29.5,15.7,79.9,83.3,64.9,64.0,72.1,69.5,46.9,40.7,825.5,18.4,0.2,254.9,77.9,63.2,18.1,224.5,52.6,55.4,0.4,34.8,25.9,18.2,0.2,0.0,2.5,40.4,3.5,18.0,0.5,10.9
115,2015JJ00,16901.0,171.0,147.0,79.5,,87.0,17.0,5.0,80.0,6553.0,438.0,343.0,7.0,95.0,23.0,0.0,20.0,1.0,476.0,862.0,260.0,1128.0,41.2,37.6,3.9,26.0,4.0,80.4,10.0,50.3,36.6,13.7,34.4,69.2,39.7,78.7,23.6,5.1,993.3,18.9,101.7,85.7,12.8,11.7,6.6,6.1,10.2,7.3,22.1,6.1,4.7,33.3,3.0,5.6,141.6,7.5,19.1,24.7,17.0,22.7,82.8,7.9,21.1,5.5,7.2,21.5,93.3,9.5,3.2,15.4,9.0,73.0,14.0,13.5,7.3,7.5,56.6,7.8,4.9,2.6,76.3,40.1,24.5,47.1,6.6,6.2,68.6,14.6,9.0,89.6,7.6,13.2,6.1,4.9,24.3,49.5,16.9,1.1,42.6,1717.0,8950.0,5.2,11435.0,18890.0,2725.0,8730.0,3599.0,3470.0,92323.0,100.0,5450.0,13.4,4.0,3.3,29.6,15.9,79.7,83.1,64.6,63.2,72.4,69.4,45.9,40.5,868.6,20.6,0.2,260.9,79.8,63.2,19.5,232.5,53.1,56.9,2.2,41.8,26.8,19.7,0.2,0.0,2.6,42.8,3.7,20.6,0.5,11.0
116,2016JJ00,16979.0,173.0,149.0,79.4,,71.0,18.0,2.0,81.0,5562.0,468.0,252.0,6.0,156.0,29.0,0.0,14.0,0.0,446.0,887.0,222.0,1032.0,40.4,38.4,3.9,23.9,3.9,80.0,8.6,50.2,35.8,14.5,35.1,69.1,39.1,78.8,25.6,5.3,977.0,21.2,103.1,86.1,12.3,11.1,6.6,5.9,9.9,7.0,21.8,5.9,4.8,31.9,2.9,5.4,141.3,7.0,19.4,25.2,16.9,23.3,83.1,8.4,21.5,5.3,6.2,20.4,89.7,9.5,3.1,15.2,8.9,70.9,14.1,13.7,6.9,6.9,56.1,8.0,4.7,2.7,76.3,40.6,25.0,46.4,6.4,6.0,63.9,13.8,8.2,89.2,6.4,12.9,5.9,4.6,24.6,44.3,14.3,0.8,41.5,1699.0,8780.0,5.2,11530.0,19370.0,2655.0,8705.0,3651.0,3560.0,94842.0,102.8,5569.0,13.4,4.2,3.5,29.7,15.1,79.9,83.1,64.9,63.3,72.4,70.5,46.8,40.8,874.9,17.9,0.2,265.9,81.5,64.5,18.6,226.9,50.7,55.8,2.0,39.3,27.3,18.8,0.1,0.0,2.6,45.3,3.9,22.8,0.5,11.1
117,2017JJ00,17082.0,170.0,150.0,79.3,,46.0,20.0,4.0,373.0,4927.0,575.0,211.0,17.0,205.0,32.0,0.0,22.0,0.0,428.0,783.0,218.0,1004.0,40.6,40.2,4.0,22.8,3.5,79.0,9.1,49.9,35.7,14.2,36.5,68.8,39.4,79.9,25.4,6.0,922.1,20.3,99.2,82.5,11.3,10.3,6.0,5.4,9.6,6.9,21.7,5.8,4.7,29.7,2.5,5.1,136.4,6.5,19.1,24.0,17.0,23.5,76.7,8.1,20.2,4.5,5.4,19.5,86.2,9.6,2.8,13.9,8.6,68.0,14.1,14.1,6.4,5.9,54.4,7.9,4.5,2.6,71.6,39.2,22.6,45.8,6.6,5.7,55.2,11.2,7.0,86.4,5.7,13.0,5.7,4.7,24.4,34.5,9.2,1.1,40.3,1613.0,8431.0,5.2,11935.0,19890.0,2635.0,8655.0,3570.0,3705.0,96972.0,104.9,5661.0,13.1,4.1,3.6,29.8,15.4,80.1,83.3,65.0,63.8,73.2,70.7,46.0,41.4,876.8,18.3,0.1,262.1,80.6,62.6,18.3,222.7,48.7,53.7,2.9,41.0,26.1,19.3,0.2,0.0,2.7,46.5,3.6,23.5,0.5,11.2
118,2018JJ00,17181.0,169.0,153.0,78.3,,73.0,20.0,1.0,188.0,4875.0,594.0,258.0,24.0,203.0,28.0,0.0,18.0,0.0,518.0,795.0,202.0,888.0,40.9,40.1,4.3,22.0,3.2,79.7,9.0,51.1,35.8,15.4,35.3,69.0,40.6,80.3,27.7,5.2,887.8,20.3,96.0,79.5,10.1,10.0,5.7,5.2,9.5,6.7,22.2,5.5,4.4,26.2,2.2,4.6,130.5,5.7,18.8,23.1,16.6,23.1,76.1,10.7,19.9,3.6,4.3,19.1,83.2,9.6,2.5,13.0,7.8,64.8,14.3,14.2,5.7,5.2,54.1,7.9,4.7,2.6,70.4,38.5,21.3,45.5,6.4,5.3,48.7,9.0,6.0,84.3,5.4,13.2,5.4,4.8,24.0,31.8,8.9,1.1,39.9,1562.0,8176.0,5.2,12215.0,20260.0,2595.0,8840.0,3620.0,3860.0,101031.0,107.2,5863.0,13.1,4.2,3.5,29.9,15.3,80.2,83.3,64.2,62.7,73.1,70.8,47.3,40.2,890.0,19.3,0.2,259.8,79.7,61.8,17.9,219.3,49.0,53.4,7.0,41.1,27.4,19.5,0.1,0.0,2.9,50.1,4.0,26.9,0.6,10.6
119,2019JJ00,17282.0,170.0,152.0,78.7,,131.0,28.0,1.0,163.0,6385.0,587.0,182.0,83.0,157.0,29.0,0.0,16.0,0.0,549.0,754.0,187.0,782.0,40.8,40.4,4.4,21.4,2.9,78.5,8.5,51.0,36.0,15.0,36.5,68.7,39.9,80.4,26.5,4.3,863.4,18.9,92.7,76.6,9.3,9.0,5.6,5.2,9.9,7.1,22.1,5.3,4.1,24.2,2.3,4.6,129.6,5.5,19.3,22.4,17.6,23.7,71.9,8.4,19.4,3.2,3.8,19.1,81.3,9.5,2.3,12.0,7.8,64.2,14.6,14.7,5.3,4.8,54.1,7.9,4.9,2.5,69.0,37.5,20.8,45.8,6.4,5.2,43.5,7.6,5.3,82.1,5.1,13.3,5.3,4.4,24.6,30.1,8.3,1.0,38.3,1530.0,7956.0,5.2,12615.0,21015.0,2585.0,9015.0,3720.0,3910.0,107429.0,110.6,6194.0,13.2,4.5,3.6,30.0,14.8,80.5,83.6,64.8,63.2,73.5,70.8,46.2,41.2,875.7,19.1,0.1,260.3,79.6,60.7,17.7,216.4,47.7,53.7,3.1,40.2,27.0,19.3,0.2,0.1,2.9,50.0,3.9,27.2,0.4,10.4
120,2020JJ00,17408.0,169.0,169.0,81.5,,64.0,6.0,3.0,50.0,959.0,475.0,72.0,2.0,65.0,4.0,0.0,7.0,0.0,196.0,621.0,168.0,565.0,39.4,39.8,4.7,19.8,3.1,76.9,7.7,51.1,36.8,14.2,32.0,64.8,36.4,78.8,25.7,5.2,754.4,13.4,82.0,68.3,7.9,7.1,4.7,4.9,8.8,6.5,17.5,4.8,3.5,18.2,1.7,3.5,118.1,4.7,18.6,19.7,15.8,23.4,45.8,4.8,12.3,1.7,2.3,12.0,72.1,9.7,1.9,10.1,6.3,48.9,11.1,10.7,4.3,3.5,44.7,6.7,3.8,1.6,65.3,36.1,16.4,45.2,6.4,4.7,34.6,5.8,4.0,73.1,4.7,13.0,4.5,4.0,20.7,24.7,6.9,0.7,36.8,1343.0,7063.0,5.3,12995.0,21625.0,2640.0,9130.0,3765.0,4045.0,116384.0,109.7,6673.0,14.6,4.3,3.8,30.1,15.4,79.7,83.1,66.4,65.8,72.8,71.8,45.8,41.3,967.1,17.1,0.2,258.6,78.8,59.5,17.7,210.0,46.1,50.7,1.7,33.1,28.0,18.6,0.1,0.0,2.5,51.8,3.6,30.0,0.6,10.5
121,2021JJ00,17475.0,179.0,171.0,80.5,,1.0,13.0,0.0,77.0,79.0,669.0,154.0,0.0,33.0,13.0,0.0,6.0,0.0,219.0,673.0,142.0,538.0,39.0,42.0,4.9,20.3,2.7,77.3,8.4,50.8,36.2,14.6,32.6,62.1,37.2,79.2,25.4,5.1,764.6,14.4,80.9,67.0,8.3,6.1,4.9,4.7,9.0,6.7,17.9,4.7,3.6,16.9,1.5,3.3,117.8,4.2,19.0,19.2,16.5,23.5,44.2,3.4,11.3,1.3,1.9,11.1,71.9,10.0,1.7,9.3,6.1,47.2,11.9,11.1,3.8,2.9,43.3,6.4,3.8,1.4,69.8,39.3,16.1,48.6,6.8,4.6,32.9,4.8,3.7,73.6,4.9,13.6,4.8,3.8,20.8,24.0,6.8,0.6,37.8,1369.0,7176.0,5.2,13190.0,22345.0,2570.0,9305.0,3805.0,4185.0,128928.0,,7353.0,14.5,4.1,3.3,30.3,14.5,79.7,83.0,65.4,65.1,73.4,72.4,47.2,40.5,974.8,17.0,0.1,257.0,78.6,59.4,17.8,213.5,45.9,51.1,0.1,32.9,28.1,20.7,0.2,0.0,2.5,52.8,3.5,31.0,0.5,10.6
122,2022JJ00,17591.0,168.0,170.0,77.2,,11.0,98.0,8.0,93.0,147.0,650.0,211.0,6.0,82.0,26.0,1.0,12.0,0.0,429.0,634.0,153.0,512.0,40.4,41.9,5.6,18.7,2.4,77.1,8.4,51.1,35.7,15.5,29.4,64.9,38.3,80.4,27.1,5.7,761.0,15.9,76.7,62.9,7.6,5.7,4.5,4.3,9.1,6.7,19.4,4.5,3.8,16.5,1.6,3.3,116.8,3.7,18.1,18.5,17.5,23.4,55.3,7.3,14.1,1.7,2.2,14.2,72.1,9.3,1.8,9.1,7.2,56.1,14.5,14.4,3.9,3.1,46.0,6.5,4.9,1.6,64.4,35.8,14.9,45.6,6.2,4.4,31.6,4.1,3.5,77.1,5.4,13.9,5.1,4.0,22.4,23.2,6.0,0.5,35.9,1382.0,7136.0,5.2,13485.0,22860.0,2530.0,9455.0,3890.0,4350.0,132683.0,,7496.0,13.4,4.0,3.2,30.3,15.0,80.1,83.1,63.2,62.3,72.7,70.6,46.4,41.2,961.3,17.6,0.1,257.8,78.8,59.2,17.8,220.6,47.0,52.0,3.4,38.8,29.7,21.6,0.2,0.0,2.6,59.5,4.4,35.2,0.4,10.8
123,2023JJ00,17811.0,164.0,170.0,77.5,,93.0,29.0,14.0,153.0,2947.0,915.0,254.0,7.0,142.0,35.0,0.0,4.0,0.0,589.0,703.0,159.0,505.0,40.5,44.1,5.3,18.9,2.6,76.6,8.0,50.8,35.1,15.7,30.2,66.6,40.0,80.9,28.1,5.6,762.7,16.9,75.4,61.6,7.5,5.4,4.4,4.2,9.1,6.6,18.3,4.4,4.0,16.5,1.7,3.4,116.2,3.7,17.9,18.1,17.6,24.0,61.6,6.8,17.9,1.8,2.1,15.4,71.8,8.9,1.8,8.8,7.8,58.0,14.7,15.4,4.0,3.1,47.5,6.1,5.2,1.5,63.8,35.0,14.0,45.5,5.9,4.5,31.7,4.2,3.4,77.2,5.1,13.6,4.9,3.9,23.9,23.2,5.9,0.5,35.3,1396.0,7127.0,5.1,13595.0,23230.0,2505.0,9350.0,3900.0,4215.0,142239.0,,7956.0,13.5,4.7,3.6,30.3,14.6,80.3,83.3,64.1,62.4,72.2,71.0,45.7,40.7,952.7,22.0,0.1,255.5,77.6,57.5,17.4,218.1,45.7,52.1,3.5,39.4,30.4,21.4,0.2,0.0,2.6,62.9,4.0,39.2,0.6,10.5
124,2024JJ00,17943.0,166.0,172.0,76.6,,597.0,46.0,3.0,238.0,18180.0,591.0,194.0,203.0,141.0,29.0,0.0,4.0,0.0,495.0,768.0,95.0,413.0,40.4,43.0,5.2,18.1,2.2,76.0,7.3,51.1,35.1,16.0,26.5,67.0,39.6,81.9,26.6,6.1,,,,,,,,,,,,,,,,,,,,,,,,,,,,,,,,,,,,,,,,,,,,,,,,,,,,,,,,,,,,,,,,,,,,,,,154933.0,,8610.0,13.8,4.2,3.3,30.4,15.1,80.5,83.3,63.5,62.0,73.0,70.7,46.7,40.0,956.8,23.1,0.1,252.6,76.6,55.9,17.0,211.7,44.0,52.2,4.8,41.0,30.2,22.0,0.3,0.0,2.3,65.1,3.9,40.7,0.6,10.3
125,2025JJ00,18044.0,,,,,,,,,,,,,,,,,,,,,,,,,,,,,,,,,,,,,,,,,,,,,,,,,,,,,,,,,,,,,,,,,,,,,,,,,,,,,,,,,,,,,,,,,,,,,,,,,,,,,,,,,,,,,,,,,,,,,,,,,,,,,,,,,,,,,,,,,,,,,,,,,
